name,age,street,city,state,zip,lng,lat
Jonathon Myers,41,87101 Ryan Plains Apt. 918,East Tamaraview,Montana,36335,-74.764331,-33.1434135
Richard Moses,27,255 Walker Trail Apt. 235,Ballhaven,Nevada,11900,-24.597145,71.563941
Charles Smith,19,23460 Lauren Forges Suite 938,Hernandezside,Nevada,73620,160.219756,33.808708
Tammy Ford,79,848 Avila Neck Suite 892,Robbinsmouth,Vermont,43351,-64.448384,-28.593652
Kevin Becker,37,92571 Mackenzie Pine Suite 450,Wilsontown,Kansas,11496,146.620389,71.886168
Michael Austin,30,607 Joseph Port,Lisaland,Montana,83756,160.408082,74.409884
Michael Pham,40,45192 Warner Island Suite 625,Carlosport,Wyoming,40492,89.982682,74.844408
Reginald Wilcox,60,0015 Michael Vista,Port Kelly,North Dakota,63079,99.381437,-50.9717175
Lindsey Smith,70,94344 Alyssa Expressway Apt. 233,North Sierrafort,Montana,30778,135.229537,-65.6775175
Sandra Melendez,76,05093 Lester Gateway,Stewartfurt,Missouri,98276,-113.751849,-73.6941515
Jessica Franklin,27,617 Steven Ports Suite 321,Riceport,Texas,65309,-94.668755,-17.4359125
Danielle Blevins,52,1644 Mendez Landing Apt. 650,Port Cindyshire,Indiana,58919,-125.533517,-10.1545865
Kathleen Kelly,56,0926 Allen Circles Suite 528,Kimberlyview,Oregon,49320,-18.936682,31.247752
Lisa Jones,65,37561 Collins Ford,Beverlyburgh,Washington,48104,80.148490,-60.6356325
Sheri Hudson,39,679 Arnold Mills Apt. 179,East Frankhaven,Missouri,45277,-84.777821,-72.5067865
Pamela Cruz,28,86192 Angela Crest,Tinaside,New Hampshire,70521,-170.720319,12.3720925
David Moore,66,922 Gamble Haven Apt. 542,New Kathryn,Kentucky,97317,-85.367748,-45.176402
Linda Sims,28,643 Gloria Shoal Suite 666,New Emilymouth,South Dakota,26380,-30.415711,-15.806812
Richard Taylor,42,50813 Christopher Drives Suite 725,East Joshua,New Mexico,37089,-11.794621,-11.2254495
Dana Meyer,27,93868 Byrd Cove,South Kayla,Mississippi,95907,104.177527,51.6863405
Paula Carter,71,5661 Wilson Loop Suite 721,East Jeremy,California,51265,-165.794292,6.7378205
Norma Lopez,35,3150 Holloway Isle Apt. 658,Jessicaberg,New Mexico,46480,-49.919016,-83.0257605
Brandon Barron,22,978 Joanne Mission Suite 510,Port Sherryhaven,Minnesota,58098,-61.340169,-12.478992
Carla Allen,31,457 Gay Oval Suite 157,Brianfurt,Illinois,77401,42.708657,-65.6883685
Michael Richmond,53,5220 Michael Crest,Michellefurt,Oklahoma,05108,169.191763,25.853240
William Bush,79,79196 Katherine Field Suite 971,East Patricialand,Alaska,13875,-80.305016,33.0809845
Karina Caldwell,65,8432 Thomas Heights,Port Sheriberg,New York,12319,38.032067,65.788012
Michael Boone,19,2525 Alejandro Ways,Port Jessicamouth,Massachusetts,46766,-38.133983,17.7240745
Ryan Clark,55,334 Allen Row,Lake Timothychester,Utah,64217,153.573173,83.736761
Brian Brock,76,98525 Tyler Points Apt. 546,West Austin,Kansas,97761,-53.825348,83.910375
Jacob Hayes,49,85889 Victoria Brook,Bennettbury,Virginia,30959,130.181857,73.2181805
Amy King,18,233 Day Stream,Marktown,Nebraska,78555,-5.821319,77.611639
Kimberly Lee,80,161 Michael Courts,East Hunterfort,Tennessee,71850,89.920773,68.207315
Joshua Singh,50,4602 Gregory Cliffs,Wrightmouth,Tennessee,18620,67.909668,-52.2135745
Julie Daniels,42,17744 Gould Ways,South Vanessa,Arkansas,15397,-162.416485,-24.327128
Anthony Robbins,75,16970 Kimberly Tunnel,East Dorothy,New Jersey,72811,-35.517087,46.912167
Barbara Reynolds,22,991 Cindy Ranch,Lake Anthonymouth,Kansas,91802,20.219458,81.0919985
Maxwell Gonzales,46,66124 Soto Via Apt. 039,Hintonfort,Oregon,85352,157.868664,-26.4445875
Ashley Moore,64,15366 William Valley,Medinastad,Colorado,77075,173.844742,-46.936059
Anthony Robinson,71,6604 Steven Trafficway,Garciamouth,North Dakota,21309,-50.017181,-71.9932785
Lisa Morgan,26,09472 Matthew Valleys,Barberville,Nebraska,91356,31.682448,-22.389554
Cheryl Cook,28,37491 Susan Villages,New Adamshire,Georgia,94882,110.123550,75.781264
Robert Tapia,79,42233 Kim Common,Charleshaven,Indiana,79843,92.711326,11.9121805
Joseph Henry,37,856 Morales Summit Apt. 279,Pittsview,New Mexico,95831,-174.092714,-51.1424065
Angela Ramsey,47,8601 Jade Plains Apt. 246,Parkermouth,Massachusetts,49652,164.197474,33.557589
Carrie Herrera DDS,77,7719 Wong Junction,Vincentfort,New Hampshire,25943,66.853772,89.089080
Christina Small,34,03421 Linda Viaduct,Lake Wendymouth,Indiana,24137,-36.726723,31.481415
Jessica Lawrence,19,88371 Williams Shoals Apt. 719,South Alan,New Hampshire,86273,27.295987,-14.1436855
Steven Vazquez,29,55730 Shaw Street Apt. 138,Stevensonview,California,10827,152.121904,0.3685565
Madison Perkins DDS,65,3719 Ali Passage Suite 837,Guerreroberg,Delaware,16122,-62.469647,28.811906
Manuel Johnston,70,77921 Wells Crescent,Lake Matthew,Illinois,38370,131.603512,49.8461405
Christopher Tate,24,6983 Munoz Points,South Eddie,Michigan,30887,86.066570,10.057361
John Martin,75,73969 Reed Ville,Williamtown,Alaska,11930,133.905600,61.0397685
Anthony Holland,41,825 William Mission Apt. 383,New Matthewfort,Texas,80492,115.909626,30.353981
Emily Hughes,76,9273 Miller Mews Apt. 009,Devinmouth,New York,45882,-47.673437,20.0250075
Jordan Ferrell,69,142 Castillo Islands,East Johnmouth,Oregon,47492,70.553174,-43.1990685
Sarah Hodges,70,3018 Katrina Plain,Hawkinschester,Delaware,40599,-146.857565,-68.0929245
Danny Hill,72,18955 Cuevas Underpass Suite 101,Jonesbury,Ohio,41102,138.677425,44.8092345
Erik Robinson,33,136 Wesley Mountain,West Jessica,Tennessee,41926,-126.760723,-74.504064
Philip Gomez,47,7049 Watson Dale,Port Steven,Nebraska,12467,-43.989360,67.6706885
Thomas Pollard,44,27081 Amy Harbor Apt. 094,Feliciabury,Alabama,03540,50.797818,-4.224961
Andrea Guzman,77,447 Jessica Prairie,West Renee,Alaska,44397,35.375767,-46.203979
Joshua Kelley,53,76946 Murillo Meadow,Lake Emily,Wyoming,21630,-118.851957,71.276282
Susan Rangel,67,7269 Carter Ville,North Melissafurt,Connecticut,57153,95.861831,-83.7975965
Kerri Wilkerson,52,9353 Mark Vista Suite 549,New Maria,Missouri,59375,-9.162475,-85.241767
Randall Stevens,40,503 Bond Circle Suite 281,Denniston,Texas,95582,-117.491418,31.633460
Christopher Perkins,42,6012 Sarah Crest,Robertland,Kansas,04016,-22.374767,-62.280698
Corey Holden,54,06181 Brandon Parks,Lake Jacquelineville,Alaska,16824,-5.136872,-15.477832
Brittany Clark,51,01871 Todd Forks Apt. 810,Travisview,Vermont,12967,-7.733824,60.2049615
Matthew Franco,60,328 James Club,North Andrewton,Connecticut,65253,-134.745709,28.0332915
Jasmine Thomas,54,5433 Billy Green Apt. 136,Port Josephtown,Missouri,36151,-38.963458,82.399468
Timothy Tucker,48,99799 Stacy Garden Apt. 217,South Sharon,Illinois,54901,-80.541861,-41.957675
Candace Jackson,48,9559 Lisa Mountains,Lunaburgh,Pennsylvania,42894,5.026428,48.855095
Travis Mullins,76,218 Cox Plain Suite 684,Henryton,Nebraska,69375,140.716200,49.5189685
Jennifer Nichols,18,36501 Butler Loop,Jonesville,Arkansas,09270,-61.978350,-39.729176
James Freeman,52,1526 Mary Plaza Suite 649,North Lisaton,Tennessee,09921,-53.095129,51.231044
Jason Carr,77,1815 Jason Islands,Lake Gregory,South Carolina,79287,-42.034660,47.2937545
Laura Hernandez,48,244 Davis Squares Apt. 349,Jenniferburgh,New Hampshire,89580,-36.738825,7.974349
Dr. Misty Yoder DVM,43,44932 Mayo Station,Anitachester,South Dakota,35347,-7.002508,-15.952558
Kevin Lopez,78,5502 Jasmine Bridge Apt. 713,East Alan,Indiana,05885,33.467970,-57.2255655
Christina Underwood,60,2804 Justin Port,East Johnville,Oregon,34551,165.354354,-72.1444245
Kristen Craig,33,003 Crawford Burgs Suite 441,New Kennethberg,Maine,28183,68.166633,-48.1401705
Cathy Maxwell,73,4236 Butler Branch Suite 348,Cindyshire,Utah,10655,162.202546,-42.887888
Colleen Farmer,52,38687 Garcia Rapid,Susanstad,New Jersey,05991,23.325388,-58.153083
Shirley Rodriguez,29,5323 Jonathan Points Suite 542,Wheelerville,New York,80116,11.431328,-10.4878835
Melissa Cox,63,06886 Christine Meadows Suite 424,Port Dominique,New Jersey,35678,-43.889702,49.6092565
Kendra Carter,28,210 Moore Center,Robertview,Connecticut,09838,-121.704112,71.936131
Carol Delacruz,37,621 Williams Place Suite 028,Avilafort,Wyoming,76232,-75.817575,-44.6386375
Kristina Robinson,21,05227 Brooks View,Port Donnastad,South Carolina,11903,-179.429635,-80.294087
Jennifer Villanueva,23,06901 Robinson Flats Apt. 351,New Angelahaven,Montana,16051,174.160529,-50.1228445
Madison Morris,67,8557 Allison Valleys,West Kathryn,Texas,55210,66.628159,67.1888545
Katrina Colon,66,77426 Bishop Track,Vargaschester,Nebraska,32328,132.448942,-59.0371405
Dana Brown,38,5608 Steele Cliff,South Julie,Missouri,73163,157.971265,16.958198
Curtis Dunlap,61,0744 Cameron Manor,Joshuaburgh,Oklahoma,17846,-2.835371,81.2481745
Nicholas Hale,50,5024 Jimenez Curve Suite 783,New Margaret,Delaware,15192,89.293832,80.105287
Carrie White,57,39277 Klein Square Apt. 763,Sheenaton,New Hampshire,46145,69.587797,55.143628
Elizabeth Jacobs,63,7321 Thomas Stravenue Apt. 643,Davisfort,Delaware,01687,113.878502,47.2023015
Matthew Myers,79,3863 Humphrey Falls,New Jacobside,Alabama,90569,14.823678,-27.948008
Robert Fox,18,60029 Sanchez Mission Suite 836,Brendaside,Maryland,85723,139.035665,-68.4649475
Austin Clark,56,9488 Brittany Radial Apt. 232,Michelleburgh,Maine,18448,157.210537,-42.565011
Karen Soto,68,7230 Clark Inlet,North Josephchester,Illinois,89717,23.005995,18.879745
Robert Banks,58,8654 Lee Club,New William,South Carolina,91630,98.408529,-54.115083
Toni Pratt,25,0060 Brian Gateway Suite 697,Port Andreatown,New Mexico,96947,68.558693,-50.712029
Erin Ford MD,72,73803 Eric Land,East Tabitha,Arkansas,77021,59.187858,37.5064535
Dr. Tara Chambers DDS,28,588 Jeffrey Garden,East Josephmouth,North Dakota,53148,-1.515765,76.918536
Jose Mitchell,58,92910 Jones Parks,North Frank,Wyoming,26690,131.218308,45.1911295
Audrey Jefferson,26,40098 Kevin Path Suite 889,West Angel,New Mexico,99412,-113.283453,70.455877
Emily Williams,80,6011 Bridget Forge,Wrightview,Wisconsin,89251,-76.115436,-7.1118145
Alexander Johnson,21,667 Andrew Station,North Kimberlyton,Delaware,24747,124.787867,70.221090
Crystal Hobbs,46,25261 Kimberly Spur,East Michaelfurt,California,96581,47.694146,65.854170
Larry Castro,51,663 Morgan Plaza Apt. 678,Loweryview,Iowa,26056,-22.825319,50.3629655
Misty Schmidt,57,33401 Jane Cliff Suite 297,North Patricia,Oregon,60571,5.999512,-22.8130385
Steven Browning,18,8100 Summers Ranch,Lake Thomasland,New York,68433,100.533948,17.0855295
John Mccarthy,58,59940 Shepard Lodge Suite 181,Kaitlynshire,Alabama,17608,77.848682,23.3695565
George Bonilla,77,21981 Cody Creek,Duranchester,Utah,81795,166.171869,-63.346050
Victoria Maldonado,26,896 Jeffery Ways,West Tiffanyport,Tennessee,58193,112.478369,59.8686395
Victoria Green,46,0242 Shepard Station Suite 327,Port Donaldshire,Montana,26513,-160.341106,-63.929619
Gregory Fernandez,19,819 Jamie Meadow,New Brian,Vermont,27017,-78.586136,-88.114592
Meagan Ferguson,44,23996 Acosta Neck Apt. 829,Cisnerosfort,Ohio,26088,-126.969728,17.180677
Amber Watson,55,39876 John Manor,Youngshire,Delaware,84192,169.671276,-35.9713775
John Walker,26,475 Ray Pines Apt. 534,West George,Nebraska,12805,-67.953212,-28.9644575
Jeffrey Ramirez,30,09491 Smith Coves Apt. 244,North Teresa,Iowa,03694,108.734830,-77.6358685
Mckenzie Kim,26,7738 Lane Club,West Donna,Kentucky,02599,51.366357,15.517326
Eric Patel,65,5229 Anthony Course Apt. 155,West Douglas,Rhode Island,64711,-35.879571,33.556926
Daniel Rivera,39,7446 Taylor Stream,Murphyton,Virginia,99669,26.391468,48.080353
Brian Brown,33,5121 Maureen Port Suite 759,Kimberlyfort,North Carolina,00789,-81.841127,-40.232350
Stacy Yang,78,873 Kelly Light Suite 758,Danielleton,Massachusetts,70088,24.464261,29.0422895
Christina Wright,42,021 Judith Prairie,Jessicaville,Michigan,23573,-144.962630,-36.833045
Shelia Snow,25,643 Robert Vista,Port Richard,Arkansas,73136,-80.915103,-25.3851705
Dana Phelps,20,59482 Green Mission,Ortegaville,Oregon,46606,-15.106635,-30.8824925
Juan Lamb,32,35184 Tina Mountain Suite 595,New Lindafort,Illinois,26797,-120.746179,73.4409145
Pamela Johns,64,87360 Estrada Rest,Lake Randyton,Ohio,27374,-5.384984,4.265548
Kimberly Ramos DDS,76,28276 Cochran Vista Apt. 979,West Barbaraburgh,Kentucky,44050,60.144758,-65.4079005
Andre Monroe,40,28203 Johnson Throughway,Lorifort,California,97918,165.694078,-2.3764125
Steven Jimenez,28,12852 Monica Field Suite 942,Michaelland,Kentucky,91724,-146.591499,56.452764
Sarah Porter,40,272 Johnson Unions,South Lisa,Kentucky,80068,-158.231545,29.507475
Rebecca Valentine,59,2066 Jasmine Valley,New Harryhaven,Alabama,88330,86.081103,-32.951341
Eric Ramirez,44,6955 Thompson River Suite 616,West Michaelside,Nevada,46271,-123.814404,73.399609
Elizabeth Harmon,68,81214 Castaneda Overpass Apt. 417,North Jessicaburgh,Colorado,93744,-144.985420,77.3908035
Eric Allen,70,225 Scott Knolls,Durhamview,North Carolina,70834,5.243951,-11.5240735
Sheila Johnson,54,34445 Boyer Islands Apt. 230,New Ericaville,Ohio,69044,141.650378,67.5952645
Tanya Booth,51,3766 Page Island Apt. 351,Meganstad,Utah,37069,55.118216,9.390586
Samuel Vargas,41,5573 Park Summit,Karenhaven,Illinois,66378,119.279144,-64.3725115
Bryan Hicks,49,084 Stein Roads,Lewisland,New Mexico,71674,-162.583404,-10.7668085
Courtney Bell DVM,78,84148 Gregory Summit Apt. 774,Johnsonborough,Iowa,33544,-149.313262,0.3750145
Allen Stone,25,45448 Perez Lane Suite 887,Kellyburgh,Virginia,50676,103.537437,-47.5085265
Stephanie Hodges,80,48589 Lauren Ranch,Amandaton,California,52741,7.718070,-82.5692845
Cynthia Carney,48,089 Wesley Terrace,Douglasshire,Nevada,68419,85.552456,11.8587945
Tina Brown,53,4719 Caitlin Mews,Lopezbury,North Dakota,76914,158.120109,66.7743865
Mr. Vincent Wilson,20,63080 Patrick Rest Suite 686,New Robertton,Kansas,10334,75.243202,28.191755
Paul Rivera,33,53079 Amy Road,New Nancy,Florida,88758,-66.684951,-61.976682
Chad Monroe,57,0402 Nelson Circles,Ericton,Kansas,58387,78.745400,17.218659
Jasmine Webb,20,12054 Lisa Cliff,Scottfurt,Montana,81528,-77.914413,47.9475025
Darren Osborn,56,45166 Michael Key,Robinsonmouth,Montana,88140,-159.043295,22.223740
Wesley Moore,51,526 Wanda Grove,Raymondville,Arkansas,06753,177.637363,-55.216050
Heidi Alexander,49,3255 Johnson Landing,North Raymondmouth,Missouri,02384,-48.173851,16.0174455
Brian Russo,65,926 Wright Stream Suite 549,Gardnerside,Washington,91603,87.427531,7.1123955
Christina Tyler,45,05420 Vasquez Cliffs Apt. 588,East Cassie,Kentucky,29129,86.871534,-4.0150045
Johnathan Moore,49,157 Kyle Mall Suite 980,Lake Don,Michigan,43934,-48.144302,62.018103
Emily Wallace,65,7090 Murray Village,Diazland,Washington,13442,105.565285,-12.303277
Jessica Perez,42,59710 Smith Summit,New Matthewfurt,Hawaii,10865,130.995433,39.0309835
Eric Osborn,36,514 Berry Flats Suite 648,Williamsfort,New Hampshire,61011,170.270933,-17.081934
Matthew Hernandez,24,428 Joseph Prairie,Andersonside,South Dakota,70651,27.124448,11.9685625
Matthew Perry,50,156 Middleton Park Apt. 541,Harryhaven,Connecticut,70747,134.202593,-87.659862
Emily Arias,54,4766 Tony Hill,Rachelshire,Maryland,86358,100.210624,-75.641881
Ashley Thompson,30,0091 Robert Springs,Nelsonbury,Massachusetts,58376,-71.794920,36.041936
Michelle Vargas,42,592 Smith Stream Suite 314,Tammyfort,Alaska,64102,-116.921210,68.251586
Jason Moody,36,77709 Diaz Glen Apt. 570,Abigailshire,North Dakota,37499,156.021699,43.4756775
Sergio Pena,71,20609 Ramos Tunnel,Sparkschester,Wyoming,09045,-130.560119,14.2294365
Rebecca Walker,20,660 Fernandez Islands Apt. 218,North Travisbury,South Dakota,99770,-40.323506,22.0915815
Vanessa Bowman,41,998 Carrie Motorway,South Brandonland,Louisiana,97615,50.667216,42.794711
Heather Ryan,42,998 Brian Pine Suite 457,South Joanside,Alabama,92258,-157.556522,3.840897
Leslie Joyce,36,90527 Natalie Place Apt. 274,Jensenhaven,Wisconsin,31044,-174.395280,26.3535435
Mark Woods,29,2994 Stout Forest Apt. 621,South Rickstad,Michigan,10268,-174.459986,-4.7743295
Donald Buckley,62,53128 Melissa Station,Proctorchester,Delaware,72840,160.915437,-7.561464
Bradley Mathews,80,2802 Patricia Land,South Derrick,Kansas,67077,-165.863694,28.711810
Christopher Williams,29,26745 Kenneth Fort Suite 850,Morrisfurt,South Carolina,63631,102.985552,-71.386473
Rebecca Flynn,46,000 Nixon Dale,Port Philipburgh,Maine,41859,84.894190,72.104704
Julie Horton,78,0629 Alice Views Suite 457,East Charles,New Hampshire,70427,-113.552168,-58.2064745
Sydney Thompson,68,34205 Linda Glen,East Erinbury,Florida,97322,136.558259,62.920775
Miguel Howard,60,2632 Rios Ramp,Greenechester,Louisiana,64950,82.831563,-49.988835
Carrie Gould,77,5354 Scott Mission Apt. 816,Port Jonathanhaven,Virginia,56599,100.343478,69.623036
Aaron Gibbs,40,164 Brandon Plain Suite 753,Alvaradoshire,California,72742,21.437978,48.455004
Michael Santos,65,27932 Roger Forks,Roblesside,Illinois,64154,-110.127479,-42.681332
Cody Schwartz,30,8500 Morton Brooks,North Latasha,Washington,11250,107.903363,42.8148265
Carolyn Rice,22,3141 Nicholas Springs,East Chadtown,Arkansas,60990,144.514681,39.5316585
Patricia Patterson,73,0263 Jonathan Drive,Lake Karenburgh,Oregon,88181,-170.421907,31.0880755
Zachary Williams MD,71,76532 Bradley Trafficway,Bautistaland,Ohio,46363,-118.225833,-49.652159
Thomas Zimmerman,56,1632 Jessica Villages Suite 762,Salazarfort,Nevada,58123,150.010012,57.289384
Tiffany Gutierrez,52,2313 Rebekah Common Apt. 862,West Ashleyview,Ohio,87618,-39.825243,14.3215435
Darryl Nielsen,53,854 Hays Radial Suite 971,Rogersland,Washington,43073,48.547939,52.425802
Michael Sweeney,73,57316 Costa Valley Suite 408,New Ralphtown,Idaho,54408,100.156287,-11.275695
Sandra Buckley,58,92575 Cortez Loop,Ingrambury,Kentucky,53138,-66.289135,12.987613
Lauren Kim,69,245 Devin Village,Port Edward,Nevada,20201,109.707345,-25.5033355
Barbara Hernandez,52,3090 Cynthia Plaza,New Erica,Massachusetts,74512,-30.237909,-76.285934
Lauren Jackson,60,260 Sandoval Court,Brittanyside,Maryland,60208,-49.271460,-3.6229145
Dale Moore,31,6658 Alice Valley Apt. 734,Georgeborough,Kansas,46637,-101.070107,18.4928775
Jeremy Burns,44,87539 Turner Expressway,East Sarah,Missouri,68042,-2.710597,35.655199
James Calhoun,38,702 Hensley Shoal,New Jerome,Illinois,30887,-85.992758,24.849025
Jonathan Holloway,45,288 Michael Village,North Robert,Nebraska,29457,-146.981423,-14.225902
Tony Thompson,34,192 Richard Lodge,Benjaminmouth,Idaho,17483,-103.518351,36.8043905
Tyler Chang,59,36280 Michelle Mountain,Port Daniellefort,Michigan,94966,54.741468,-66.469921
Destiny Logan,49,9711 Laura Ports Suite 046,Armstrongstad,Tennessee,47702,-145.948160,-60.971392
Melissa White,31,442 Flores Ramp Apt. 107,South Jennifer,South Carolina,45463,-107.288979,2.819417
Tiffany Bond,33,998 Anderson Rapids,North Misty,California,39727,-162.908034,50.279234
Erik Carey,56,14841 Matthew Track Apt. 464,Port Jamiestad,Montana,57515,-99.741644,77.8833785
Christina Williamson,60,9854 Ortiz Orchard,Ruthtown,Washington,10878,67.972865,-68.923448
Erik Abbott,38,963 David Underpass Apt. 585,Chaseside,Alaska,43605,22.645518,69.394439
Dana Bennett,48,14653 Leslie Fields,North Raymondland,Arkansas,85368,-63.561857,71.0228465
Stephanie Long,70,12628 Martinez Plains,Snydermouth,Maine,60756,-162.903644,21.3652035
Dustin Melendez,28,3040 Fox Mission,Saraburgh,Tennessee,73543,-133.919507,22.9467065
Jose Gonzales,22,43474 Parker Gardens Apt. 839,West Colinburgh,Connecticut,88180,38.603981,28.3875845
Michael Wallace,28,49305 Edwin Falls Apt. 893,Lake Leahborough,New Mexico,84080,-78.014091,-55.966686
Hannah Oliver,20,4759 April Stravenue Suite 319,Aaronhaven,New Mexico,09609,38.349683,11.947757
Garrett Johnson,66,0046 Hernandez Mill,Melissaberg,Hawaii,97713,38.747410,-16.1534485
Melissa Peters,78,086 Matthew Ferry,New Jenna,Wyoming,77473,-156.788646,-20.9240605
Emily Scott,21,6788 Timothy Ramp,Johnburgh,South Carolina,36024,121.863559,59.870179
Hannah Hernandez,28,981 William Junction Suite 496,New Samanthaberg,Massachusetts,67769,-162.913211,64.1491215
David Harrington,77,490 Lori Manors Apt. 039,Jonesmouth,Massachusetts,01407,158.179295,54.4496435
Vanessa Smith,27,6551 Susan Place Apt. 933,Port Tiffany,California,20300,4.781930,-18.7541265
Amanda Richardson,40,474 Simmons Glen,South Brandy,Montana,64027,-39.921634,-56.2955425
Haley Vaughan,55,122 Higgins Expressway Suite 875,Lake Wendy,Ohio,77955,44.423910,15.3614275
Casey Howe,62,18365 Amy Keys Apt. 365,New Luke,Wisconsin,65353,67.880609,44.042306
Richard Freeman,58,9311 Wong Bridge,West Deborah,Utah,49116,-91.740490,-43.074103
Teresa Wise,80,5566 Cohen Point,Andersonside,Vermont,03527,3.474406,34.588777
Devin Ward,70,02804 Paul Branch,New Candice,Massachusetts,94225,-139.831856,-52.7822395
Garrett Rivers,45,0858 Tiffany Port Suite 341,Traciport,South Dakota,12261,39.947591,68.1090435
John Howard,56,980 Gary Summit Suite 619,New Kimside,Arkansas,40257,166.374176,-29.6660715
Angela Lawrence,33,92579 Sara Gardens Apt. 930,Christinetown,New Jersey,22709,145.333187,11.614482
Jonathan Cobb,33,646 Rebecca Park,Josephchester,Rhode Island,85022,-8.011741,51.142949
Kim Baker,50,6383 Sandra Gardens Apt. 327,North Beth,Minnesota,58843,147.638294,-5.3708715
Joseph Davies,28,60421 Jessica Ranch Suite 853,Michellemouth,Alabama,72354,-35.508020,-11.0683465
Eugene Nichols,40,552 Bethany Circle,New Heatherberg,Pennsylvania,00973,-172.880677,-23.395970
Tom Branch,31,111 Jamie Cliffs Suite 114,Brandybury,New Jersey,91119,-9.441112,-13.406263
Zachary Smith,26,2446 Richard Passage Suite 949,East Jaclyn,Washington,88057,147.808677,43.9684455
Rebecca Wilson,33,37871 Kelly Lane Apt. 949,North Maryview,Kansas,74113,-92.404321,-53.593765
Angela James,54,3174 Fuller Fall,Candicefort,Texas,12505,97.770695,58.425296
Rebecca Chapman,25,86278 Stacy Common Apt. 520,Kennethport,Virginia,50807,-98.120728,-10.651968
Lisa Young,78,044 Simmons Ramp,New Vincentburgh,Arizona,47772,-64.119417,62.639861
Wendy Hays,19,84063 Jordan Port,Fordbury,Illinois,47348,64.026348,32.167180
Laurie Owens,23,711 Powers Parkway,New Micheleshire,Mississippi,59045,65.157398,-14.6389025
Sandra Quinn,61,1620 Maria Via,North Elizabethton,Ohio,57297,-162.211824,-48.0235515
Garrett Duran,40,564 Steven Parks Apt. 976,Emilyshire,South Carolina,50378,156.724639,-80.460124
Peter Smith,33,6299 Joseph Bypass,Chadberg,New York,82385,60.677423,-55.9483215
Joshua Bradley,46,53696 Bond Gateway Apt. 165,Lake Tammy,Vermont,99455,-171.446825,36.594671
Patrick Cline,36,976 Davis Inlet,Leemouth,Ohio,97957,-30.673725,-76.210898
Melissa Jenkins,57,47064 Jarvis Center,North Melindatown,North Dakota,84454,-44.909976,-18.5573465
David Navarro,57,15067 Wise Port,West Rachel,New Mexico,03490,-37.617150,85.238342
Miss Kara Combs,76,2535 Swanson Parks,Morrisonmouth,Washington,51029,-175.915236,-20.9130835
Isaac Pena,75,277 Garcia Loop,East Manuel,Iowa,03013,-63.494949,5.9602745
Christopher West,35,697 Ross Extensions,East Kristineshire,Kentucky,41862,11.031663,63.1382285
Sarah Burch,38,67016 Mary Run,East Frank,Maine,58791,22.151890,76.0119745
Joseph Richards,74,2842 Adam Landing,Troyport,Oregon,38025,-130.813301,39.262014
Bruce Potter,56,76371 Daisy Path,Daniellehaven,Florida,58388,-39.229193,50.5001545
Jose Conley Jr.,56,8021 Samuel Ridge Apt. 210,Glennfurt,Hawaii,71644,-77.688901,-82.962044
Ruben Harris,64,70341 Kari Cape,New Lisaville,West Virginia,61820,54.367792,4.7557955
Tamara Johnson,74,52206 Palmer Cape Apt. 914,Housemouth,Florida,46421,43.180885,-53.4253625
Ann Jones,78,1497 Ellis View,Bryanberg,Mississippi,29181,-100.543528,29.9929325
Kerri Riggs,36,460 Archer Roads,Curryfurt,Arkansas,28406,-174.629710,80.1806205
Jonathan Bailey,48,6889 Benson Lake Suite 679,Marktown,Maine,49017,110.391731,-65.4949355
Richard Schultz,37,95517 Donald Prairie Suite 021,New Stephanie,Georgia,38234,175.107605,-56.309721
Brian Henderson,51,5865 Autumn Turnpike Suite 917,North Maryside,New Jersey,42310,-118.596058,-84.8607645
Cheryl Mckenzie,25,407 Carol Camp Apt. 690,Burnsfurt,Delaware,29154,-143.870118,-81.899103
Robert Clark,39,77128 Harris Key Apt. 061,New Sharon,Arizona,82591,67.152978,64.7844265
Kenneth Jordan,65,215 Joseph Ways Suite 761,East Jessica,Minnesota,15293,123.095711,64.358465
Jeffery Harrell,24,6544 Michelle Greens Apt. 095,North Teresaside,South Carolina,30623,-54.110162,1.069729
Diana Davis,74,081 Lang Lights,West Jadeburgh,North Dakota,55107,-149.986554,-6.073898
John Howell DVM,78,9368 Brown Walks Suite 741,Jenniferhaven,Nevada,32026,-158.952759,87.461025
David Stevenson,35,03095 Riley Groves,Xavierfort,North Dakota,19351,-139.780438,37.6164115
William Rivera,63,4094 Isaiah Park Suite 951,Port Cynthiaville,Rhode Island,04257,66.111433,68.835388
Debra Weber,26,5170 David Knoll,South Melinda,South Carolina,71540,-73.636277,75.8254675
Brianna Davis,21,08946 Smith Expressway Suite 549,Lake Gabriel,Mississippi,52942,-47.574698,18.958710
Phillip Peterson,64,15392 Ferrell Roads,Williamsfurt,Mississippi,75840,-40.972032,-15.3878635
Tyler Robinson,46,5975 Kristen Summit Suite 726,Nancyport,Ohio,87768,-56.849474,5.538205
Antonio Howell,48,18151 Nancy Shores Apt. 134,Michelleland,Oregon,35219,-22.216314,40.8596215
Linda Bond,69,9915 Jeffrey Corners Apt. 608,Port Kristen,Iowa,65537,-36.593652,-81.371709
Angela Smith,70,36035 Ryan Mountains Apt. 373,Brownborough,Colorado,78142,-6.144240,17.799541
Andrea Norris,22,675 Ryan Extensions,New Nathan,New Mexico,47407,122.732733,24.5921105
Haley Spencer,59,8925 Elijah Lake Suite 671,Walterstad,Virginia,27567,19.558754,-66.4222315
Anna Vaughn,76,2667 Vega Road Suite 104,Lake Stuartborough,California,28657,50.475356,84.7706725
Kristy Watson,80,724 Kelley Mountain Apt. 093,New Anthonyview,North Dakota,15022,-120.620435,16.598225
Brandon Barron,48,6822 Daniel Club Apt. 919,Lake Stephenhaven,Illinois,47784,-11.479105,-64.679382
Nicole Burch,56,7177 Thomas Corner Apt. 691,West Charlesmouth,West Virginia,50039,146.743784,-88.8717345
Sarah Black,38,5364 Griffin Throughway,North Sarahville,South Dakota,91385,-86.619419,43.409154
Lori Rodriguez,45,28681 Nelson Ford Apt. 288,North Williamhaven,Pennsylvania,70515,89.979631,8.3294465
James Howell,68,85884 Andrea Corner Suite 250,North Robinhaven,Georgia,32308,19.168488,60.443121
David Mason,69,6839 Kyle Falls,Crystalstad,Iowa,56970,137.306792,77.280168
Derek Curtis,39,24946 Andrew Parks,Donnamouth,New Hampshire,14059,85.758270,88.6669925
Kevin Jackson,80,6809 Amy Ports Suite 060,North Christopherville,Michigan,73298,-72.353920,-2.3133255
Christopher Chase,26,4838 Strickland Parkway Suite 051,North Christinefort,Oregon,81491,-174.595331,-29.2786615
Zachary Thomas,78,28261 Kennedy Key Suite 576,Cooperville,California,97862,-96.153054,72.2339945
Bryan Rush,67,742 Kayla Viaduct Apt. 916,New Susan,Ohio,22258,-174.427191,-27.054791
Maria Martinez,34,29962 Solis Drive Apt. 051,Bradshawhaven,Missouri,03808,-133.813061,78.662027
Pamela Christensen,65,69039 Chambers Vista,Jacobsside,Ohio,77789,37.650284,-44.6380305
Sandra Jones,19,9191 Brian Estate,New Caleb,Hawaii,53225,110.435775,-27.423229
Morgan Pacheco,41,69108 Johnson Islands Suite 860,Stephanieview,California,69252,-124.862145,12.739803
Jacqueline Stephens,40,9551 Dawn Shoals Suite 310,Burgessfort,Vermont,89248,-130.101758,-60.0240375
Mr. Michael Brown,19,15910 Carrillo Fork Suite 492,Myersborough,California,95956,-2.983634,-0.1324265
Michael Diaz,42,6415 Williams Point,North Curtisfort,Hawaii,33009,-60.833064,46.8677125
Brittany Foster,72,567 Kelly Lakes Suite 829,South Tiffanymouth,Colorado,86282,107.154374,-26.704852
Jill Bartlett,34,298 Walker Manor,Kimhaven,Georgia,02973,90.999265,44.2286885
Casey Freeman,25,35310 Eric Loaf Suite 307,Seanhaven,Delaware,99534,-34.346459,57.196122
Austin Herrera,22,99363 Rodney Curve,Reidmouth,Nevada,37327,-30.125628,-69.324875
Kristina Everett,24,22775 Davis Fork Suite 619,West Anthony,Idaho,96148,95.303229,-65.084406
Sandra Lee,66,9591 Smith Burg Suite 343,Lewisland,Texas,57832,88.215215,-50.579161
Jessica Sandoval,80,667 King Ville,Andreview,Maine,37338,100.159317,-81.4222025
John Kidd,65,3364 Henry Street Suite 071,Lake Ericaberg,New Mexico,68760,-92.745468,10.3788325
Melissa Blair,62,5482 Parker Forges,Michaelland,Ohio,29404,-135.079209,-17.001405
Daniel Yates,38,31352 Foster Knoll,Lindseyberg,Rhode Island,52901,143.699250,86.6765265
Alicia Farmer,20,89788 Crawford Loop Suite 669,South Benjamin,Illinois,51379,-58.735907,29.1663545
Anthony Hebert,57,3850 Camacho Corners,West Katherineborough,Massachusetts,92121,87.403451,-3.6166325
Joshua Cross,30,218 Breanna Walk,East Tyler,Nebraska,79369,-10.940018,-52.3057965
Craig Harvey,63,160 Wilson Rest,Patrickborough,Rhode Island,09400,142.045203,-52.3180145
Evan Walters,27,8140 Robert Lake Suite 943,Port Kim,Wisconsin,85379,155.473855,-70.6309525
Stephanie Patrick,47,00627 Casey Pass Apt. 067,Billybury,Hawaii,56948,-40.444966,40.5853005
Kevin Williams,24,346 Burnett River Apt. 638,Williamfurt,Utah,43362,40.562320,38.7415105
Kimberly Jackson DDS,67,33411 Carter Glen Apt. 875,Jeremyberg,New Mexico,76120,-92.811639,-89.547521
Laurie Clark,53,14181 Charles Throughway,Tylerchester,Nebraska,51721,-57.983688,18.161612
Jeffery Romero,66,879 Jason Station,Fordbury,Alaska,48584,-70.975521,-67.9012895
Steven Davis,19,6950 Stephanie Mall,South Frank,Indiana,79903,59.268253,-13.361790
Tyler Collins,59,6137 Walker Plains Suite 307,East Bailey,Montana,76032,48.291138,85.9573595
Mr. Dennis Carter,67,445 Liu Plains,New Stephanieberg,Alaska,58638,96.246654,57.717755
Susan Riley,42,367 Elizabeth Port,Port Jasonside,Washington,71594,-0.164326,70.880800
Crystal Valdez,46,25980 Vanessa Underpass Suite 285,Alexamouth,Hawaii,94738,130.750973,-56.646216
Catherine Foster,23,6800 Christopher Plain,Nicolefort,South Carolina,90647,-105.662111,57.0793575
James Patterson,31,034 Reid Loop,Lake John,Minnesota,63836,-50.598790,51.877440
Erin Patel,48,596 Davis Squares,West Kevinport,Virginia,90349,-75.995272,27.969947
Judith Norton,56,3511 Kenneth Views Apt. 927,West Sierraborough,Maryland,68869,-167.633552,-56.0779255
Kathryn Mendez,80,32997 Heather Stravenue Apt. 391,New Samuelville,Louisiana,47820,-171.315923,-17.828115
Neil Hill,41,651 Crystal Forge,Aaronmouth,Pennsylvania,29941,-28.671683,-79.032628
Jason Turner Jr.,53,96308 Michael Vista Apt. 564,Harperbury,Mississippi,11865,-171.596738,14.101003
Andrea Flynn,79,57999 Cynthia Ridge,Judytown,Michigan,23004,-105.978527,-71.2913875
Jeffrey Willis,60,41802 Gallegos Forge Apt. 331,Mitchellbury,Minnesota,52416,-145.177255,34.136102
Brandy Parker,50,2511 Gonzalez Terrace,Patelstad,Delaware,58812,-112.413284,-79.673653
Margaret Martin,28,8083 Seth Fort Suite 598,West Leonardchester,Wyoming,14926,-6.106677,-5.2858315
Brianna Patterson,42,63425 Michael Forges Apt. 645,Kevinhaven,New Jersey,97649,105.554275,16.438052
Thomas Gonzalez,58,026 Yates Road,Charleston,New Mexico,71258,84.846242,-42.3734545
Mathew Anderson,53,90258 Howell Trail Suite 670,Markchester,Wyoming,60851,-118.045482,-22.6592455
Chad Smith,20,625 Cassandra Points,Stephenmouth,Nevada,34678,-115.609613,-17.8028875
Rhonda James,55,23566 Sullivan Drive,New George,California,88885,162.182375,55.6839525
Maria Carroll,73,107 Williams Burgs Suite 913,New Cynthia,Montana,54815,122.438170,-47.3926255
Hayley Daniel,42,3638 Jon Lock Apt. 069,Holmesburgh,Montana,37488,-10.660987,77.5597315
Michael Jimenez,44,611 Fischer Circles Apt. 901,Maddenborough,Delaware,57654,105.061836,-18.4297425
Michael Black,18,91034 Jessica Road,Johnstonstad,Pennsylvania,66892,-118.731477,-52.8670185
Jennifer Davis,46,3137 Holmes Corners,Gregoryshire,Florida,36736,-85.838995,18.5585325
Michael Boyer,72,0659 Huffman Corner Suite 238,Jacobberg,Montana,93878,-95.753827,74.682367
Jordan Jordan,43,9469 Natasha View Suite 360,Matthewland,Nevada,60408,-26.068007,29.179681
Jennifer Smith,28,7082 Esparza Expressway Apt. 738,Port Valerieborough,Louisiana,98449,-66.634238,-75.6784055
Ashley Novak,53,049 David Station,West Carol,Nevada,69912,-57.852585,75.572665
Robert Ellis,65,86675 Lynch Ferry,North Terry,Virginia,46506,-171.481884,67.209354
Nicholas Norman,74,8254 Jones Plain,Maloneport,Tennessee,95033,-28.606632,-0.9088885
Melissa Riley,19,396 Courtney Center Suite 950,Port Cherylchester,Wyoming,80328,-101.086674,-35.3713395
Jennifer Franco,34,65665 Pearson Highway Suite 759,South Brianport,Vermont,03470,-18.311021,-22.007321
Nicole Tucker,18,2265 Baker Valleys,Port Chad,North Dakota,32259,-138.129495,-23.9338295
Matthew Williams,61,3885 Jeffery Plaza,Jenniferview,Texas,43092,103.818840,-71.141248
David Young,60,941 Gross Springs Suite 220,Margaretmouth,Kentucky,63832,-17.253224,-36.4301795
Carol Mcconnell,33,08072 Joshua Squares,Allisonhaven,Oregon,52043,110.086064,15.1339965
David Perez PhD,34,3323 Lucas Station Suite 460,Erinmouth,New Hampshire,14044,113.291147,-6.803249
Stephen Hodges,72,61266 Allison Greens,Lake Lisa,South Dakota,30470,-101.936338,55.143425
Carmen Smith,35,937 Bolton Expressway Apt. 382,Brandyport,Alaska,91049,119.395978,-87.708807
Andrea Duffy,25,648 Drew Terrace Suite 492,East Brianberg,Alabama,92657,-153.626881,88.603621
Elizabeth Stephens,34,348 Colleen Villages,Sarahberg,Arizona,89713,-166.970414,15.688404
Anna Proctor,32,6816 Brown Square Apt. 726,North Christina,Texas,58959,21.439679,-61.2901135
Richard Miller,47,1582 Jones Oval,Bowmanshire,Oklahoma,60245,84.789920,9.872220
Robert Murillo,46,2149 Moore Prairie Suite 220,Brownview,North Carolina,60823,-116.429638,-47.558483
Tammie Gonzalez,46,2116 Erica Vista,Cherylburgh,North Dakota,89604,-103.252455,-33.052431
Joshua Cisneros,77,7129 Michelle Unions,Victoriastad,Florida,77393,-123.008585,35.131679
Jeff Smith,69,30213 Morse Cape Suite 429,Cynthiaton,Nevada,67583,-46.121046,-77.3169095
Steve Lawrence,27,2017 Nguyen Court Apt. 827,Lake Gene,Arkansas,60857,-97.190702,9.148413
George Gross,78,62648 Bailey Landing Apt. 309,Douglasville,Georgia,77999,-43.504015,34.061016
Stephen Lyons,29,423 Ayers Crescent Suite 218,Katieland,Hawaii,84129,-106.298488,88.968709
Mark Summers,38,3103 Davis River Suite 808,Sullivanton,Indiana,45525,4.565816,11.571095
James Bates,20,0222 Angel Rue,Lauraburgh,Indiana,55077,150.655084,84.732696
Logan Campbell,57,620 Arthur Mountain Apt. 848,South Scottburgh,Montana,28062,113.646303,-49.1486205
Eduardo Reid,70,022 Paul Orchard Suite 729,Novakville,Delaware,81637,103.640174,61.274066
Jeffrey Medina,59,0946 Michelle Orchard,Vaughanchester,Wisconsin,33749,5.081607,26.576066
Timothy Marshall,75,721 Green Crossroad Suite 789,Yvonnechester,Utah,00813,-148.704871,-82.0028975
Ryan Daniels,42,29493 Carroll Harbor,East Destinyfurt,North Carolina,69915,-94.643817,-30.9488635
Brandy Scott,74,23688 Estrada Flat Suite 801,Williamsmouth,Rhode Island,97347,43.904002,77.2130605
Elizabeth Martin,74,2204 Christopher Mountains Apt. 886,North Eugene,Kansas,08561,57.229011,-81.270537
Brittany Green,43,18711 Jacobs Fords Apt. 473,Lake Michaelport,Utah,76407,-54.076827,7.1036575
Keith Bradshaw,44,502 Chase Rue Suite 554,Lake Daniel,Montana,23116,-178.870006,-77.135031
Dylan Odom,78,941 Taylor Dam Suite 419,Maynardberg,Idaho,91876,-67.539901,-5.1302815
Kayla Koch,39,647 Michele Stream,North Valerie,New Hampshire,32260,97.744822,-16.796240
Sarah Hamilton,58,53193 Jordan Canyon,Rodriguezborough,Alaska,08873,-161.540190,-48.5725435
Alicia White,67,4236 Jones Crossroad,Dawnberg,Michigan,26828,47.544572,16.244529
Melissa Casey,32,90596 Sheena Throughway Apt. 796,Velasquezburgh,Colorado,33356,-156.494812,83.6806495
Heather Romero,63,02249 Coffey Lodge,East Randy,Utah,63739,-64.278809,48.0470185
Julia Lee,59,66137 Hernandez Spring Apt. 811,Port Katherine,South Dakota,63598,-122.465931,-83.377754
Jennifer Lewis,27,58155 Wilson Valleys Apt. 517,North Casey,Minnesota,80844,-121.957439,23.051867
Dustin Larson,33,87772 Sanchez Radial Suite 984,Martinchester,Oklahoma,31807,2.767373,79.933883
Richard Quinn,78,4364 Walker Overpass Apt. 987,Velazquezfurt,Iowa,26733,-92.138639,86.8609925
Teresa Hall,76,59540 Snyder Lake Apt. 635,Scottville,California,84922,26.405564,-20.6539295
Tara Pugh,22,27078 Beasley Rue Suite 123,Lawrenceshire,Oregon,19056,114.009524,23.5609105
Sarah Vaughn,18,074 Marc Ramp Suite 422,Lake Gabrielberg,Hawaii,72479,-155.770418,-15.364092
James Vega,24,3887 James Prairie Suite 719,New Michael,Iowa,55369,59.264791,-20.042063
Daniel Gonzalez,41,38229 Crawford Burgs Suite 522,Rogersmouth,Indiana,14557,62.699393,22.7901425
Paul Ramirez,67,52078 Levine Parkways,Evanburgh,Kansas,29507,40.491266,-57.951432
Gregory Baker,62,656 Stephens Crossroad,New Patricktown,West Virginia,34027,131.462229,-42.808415
Robert Garcia,39,489 Morgan Grove,Port Dawnbury,Kentucky,98823,176.346159,-34.127743
Jamie Johnson,67,25555 Williams Isle,West Jamie,New Jersey,81558,-99.810906,-45.4623215
Rhonda Kidd,33,947 Thomas Mews,Josestad,Georgia,95838,61.382215,83.6700015
Richard Johnson,51,71557 Peter Fort Suite 888,West Morgan,Minnesota,80902,-79.260346,3.8519575
Bradley Graham,76,45815 Jacqueline Courts,Lake Rodneyview,Vermont,60934,63.182078,-86.992631
Pamela Baker,48,9138 Jennifer Prairie,Barnesborough,Oklahoma,61347,-150.932108,17.6271605
Scott Deleon,50,77397 Doyle Walk Suite 976,Laurentown,Wisconsin,74413,177.603958,-66.706965
Colleen Martinez,65,05714 Mary Avenue Suite 234,New Michael,Nevada,63523,18.450556,-49.3303605
Melissa Meyer,54,39249 Jeffrey Spurs Apt. 348,Carterberg,North Carolina,46884,-22.029048,66.765934
Tammy Weaver,65,9889 Johnston Centers,Campbellfort,Louisiana,44910,110.077677,74.8086105
Barbara Freeman,76,3407 Joseph Roads Apt. 118,Mcmahontown,Ohio,62123,137.336473,-74.6962335
Heather Perkins,39,902 Manuel Burg Apt. 031,North Manuel,North Carolina,92020,111.804964,-52.099775
Vickie Young,37,9240 Price Drive Apt. 791,Parkerbury,Arizona,66581,35.627662,-85.6850125
Ashley Murphy,18,477 Walters Vista,Brentside,Indiana,84073,-61.072328,34.4482635
Paula Patton,30,1096 Christopher Passage Apt. 143,Lake Sarahberg,Utah,29360,-2.180483,63.2082795
Andrea Archer,61,48746 Wilson Cape,Markberg,Vermont,52170,-83.861046,-47.257200
Danny Bennett,62,837 Elliott Courts Suite 986,Brittanyshire,Kentucky,09003,-19.204609,-55.403555
Jeremy Scott,78,1725 Jose Pines,South Derekchester,Indiana,80240,-76.322595,50.517634
Michael Graham,27,4166 Michael Centers,Brownmouth,New Jersey,28182,56.842314,-87.8893655
Gregory Kelly,44,76983 Gray Bypass Apt. 412,New Sarah,Oklahoma,90352,-52.960021,-40.0566855
Lisa Rios,49,5820 Ryan Parkways,Mannburgh,Vermont,04923,67.259641,53.8672865
Carlos Murphy,68,29766 Moreno Shoal Suite 381,Bradleyview,Maryland,52818,62.068924,26.9962105
Mr. Jeffrey Allen,74,993 Dana Mountains Apt. 711,Floresshire,Washington,86276,-1.966998,-84.844778
Stephen Jordan,65,64924 Romero Turnpike Apt. 365,South Suzanne,Oklahoma,05997,-142.813665,14.4335215
Mike Wilson,53,83185 Michelle Prairie,North Tiffany,Nebraska,02349,171.138515,-82.468298
Kristen Miller,39,771 Schneider Mission Suite 137,Jeffreytown,Maine,70048,-97.649229,-34.5481005
Amber Jackson,23,415 James Gardens Suite 120,Port Tiffanyton,Maine,94023,-159.956328,67.3936135
Timothy Gibbs,71,445 Harris Plain,South Erika,Michigan,63829,-140.364969,87.2641185
Crystal Gonzalez,54,80081 Kathy Mountain,New Michael,Virginia,28235,-128.108424,-15.2634375
Lisa Koch,38,23943 Carl Causeway,South Anneborough,Wisconsin,61746,-116.178332,55.6635525
Michael Murray,75,2063 Parker Run,North Jennifer,Tennessee,76078,-37.922446,35.6493495
Martin Smith,79,44420 Olivia Springs Suite 353,Fergusonside,Alaska,61353,-35.595838,6.505517
Jeffrey Miller,42,305 Brown Harbors Suite 872,Lindseymouth,New Jersey,48265,50.401524,71.5244275
Jessica Murray,64,9766 Shirley Crescent,Kimmouth,Montana,53666,31.022845,-66.0030855
Robert Parker,36,34493 Christopher Street Apt. 420,Michaelburgh,New Jersey,48561,39.553159,-54.756729
Carmen Floyd,46,854 Brian Green Suite 371,South Christopher,Indiana,89739,37.602071,15.7805795
Jennifer Porter,20,1357 Brady Meadows,Lake Mary,Hawaii,48376,66.561871,-26.9128015
Samuel Rivera,44,266 Jackson Ranch,West Ethan,Illinois,08390,-44.165648,-79.092586
Brianna Reed,64,9977 Higgins Circles Suite 235,North Monicachester,Nevada,56898,-168.948880,87.2950965
Shannon Murray,59,91097 Joseph Valleys,Port Thomasburgh,North Dakota,41356,-130.882083,48.3743805
Earl Garcia,26,098 John Mill,East Shellyport,Minnesota,99819,47.553981,-31.532679
Laura Spears,72,4922 Justin Mews Apt. 388,Sotohaven,Connecticut,56885,-169.346972,-50.8829015
Dana Koch,55,2629 Strickland Keys Suite 586,Port Jacquelinetown,Missouri,17626,166.810443,-11.1525705
Wanda Evans,68,35735 Melissa Mountains Suite 990,Myerston,Minnesota,94493,-54.369651,21.441806
Donna Cooper,32,366 Chambers Views Apt. 189,Port John,New York,97505,-101.698365,53.3398705
Sabrina Davis,59,2704 Nicholas Canyon Apt. 978,North Brendabury,New Jersey,81706,-57.897683,41.9981615
Dr. Thomas Shepherd,29,8421 Carr Ville,Port Christina,North Dakota,56422,130.763571,-56.608221
Jamie Pineda,65,059 Rowland Square,Port Carlshire,Minnesota,90660,-111.801339,86.007917
Barbara Mendez,76,909 Barker Heights,West Kennethborough,Oregon,89112,102.916797,63.0567115
Christopher Daniel,25,674 Patricia Burgs,East Russell,California,04344,42.722969,-6.740383
Mary Gonzalez,54,089 Singleton Mill,Lake Christopherchester,Iowa,03901,128.425293,43.0687475
William Lara,52,689 Porter Mission,East Coleshire,Oklahoma,43172,167.841402,-60.265724
Jason Brown,20,2366 Justin Burgs,Kristinaville,Tennessee,15728,138.278089,11.818333
Jessica Harris,45,5642 Perkins Brook Apt. 910,Knightton,Oklahoma,94471,-64.971339,-77.256941
Travis Oneill,69,93164 Bridget Drives,Kathymouth,Virginia,26121,159.303041,-29.5978305
Stacy Newman,68,46378 Amanda Circle,New Patrick,Maine,35614,159.034664,19.030824
Joshua Spencer,61,920 Reynolds Isle,Mathewsmouth,Wyoming,03937,-179.996779,4.6652925
Joshua Williams,19,63074 Samantha Prairie,Anthonymouth,Virginia,06976,142.435222,11.785135
Gregory Hickman,76,92706 Ruiz Camp,Tannertown,Kansas,39246,43.140156,-78.3115805
Megan Patrick,71,221 Smith Spur,South Julie,South Carolina,54031,75.514180,-57.307863
Riley Johnson,79,519 Livingston Haven Suite 283,Lake Gregoryhaven,Kansas,43711,-34.586810,47.142136
Paula Monroe,60,9871 Winters Springs,North Benjamintown,Iowa,09706,-94.429570,-24.2733965
Edward Allen,69,588 Perez Throughway,New Daniel,Hawaii,74837,-87.995675,-23.813307
Sara Lopez,32,2203 Adrian Stravenue,Dianastad,Georgia,08233,173.564328,-41.1472505
Matthew Johnson DVM,32,9288 Olivia Mews,Lake Davidhaven,Hawaii,57314,172.744598,80.5686805
Harold Mcguire,33,733 Barber Locks,East Stephanie,Kansas,05869,139.947897,-11.177534
Christopher Allison,47,706 Levine Glen,West Shanestad,Michigan,81641,13.212935,-60.6128615
Glenn Tucker,59,623 Hunter Knolls,Jessicamouth,Utah,55278,116.631090,71.4838235
Adam Herrera,67,431 Reynolds Stream,West Teresa,Colorado,03586,177.174436,-89.6369295
Brenda Frazier,54,67714 Curtis Plaza,New Vanessa,Virginia,39226,-114.843235,-33.247017
Sheila Nelson,64,43319 Bradshaw Underpass Suite 940,East Codyborough,Tennessee,74327,-20.969075,7.762705
Victor Cook,61,9166 Karen Station,Contrerasmouth,South Carolina,90449,27.638858,-42.3137025
Taylor Jones,33,6755 Stacey Ville,South Melissafort,North Dakota,63348,-2.457691,-55.877627
Kayla Richardson,71,21258 Tanya Gateway,Hernandezport,Minnesota,47223,-166.502997,53.3234975
Christopher Hernandez,46,343 Scott Isle,New Eugene,Ohio,37070,22.054767,-44.560903
Lindsey Smith,38,497 Santiago Plain,Jamesfurt,Utah,73463,-86.230726,5.8838645
Jennifer Gates,63,31644 Klein Ways Suite 890,Frenchmouth,New York,28745,-28.607023,-39.032833
Dustin Parks,70,33135 Melinda Flats,Bradleystad,Utah,49238,100.368684,-10.5604515
Brandon Reed,80,3541 Kathryn Rest Suite 389,East Robert,Nevada,88118,-90.888079,-22.3278515
Dr. Christina Holmes,59,3305 Erica Shoals Apt. 254,Hallside,Alabama,61391,85.048409,14.6144635
Beth Espinoza,49,733 Mendoza Field Apt. 261,North Alejandromouth,Ohio,16904,171.200856,-35.5625505
Donald Howe,29,130 John Drive Apt. 488,Mikemouth,Alaska,57229,118.766679,19.2613715
Ebony Cross,36,5136 Bradley Mountains Suite 301,North Jacobberg,Virginia,18484,118.372228,-0.479020
Stephen Mitchell,77,2391 Melinda Greens,Port Richardchester,Arizona,64869,47.174267,-79.614862
Ashlee Martin,39,5486 Stephanie Roads Suite 940,North Kayla,Tennessee,66990,-42.027897,-9.161748
Megan Chang,68,3304 Frederick Radial Suite 979,Jessicaberg,New Jersey,08955,-107.987626,13.898628
Theresa Graham,27,142 Chad Center,Williamfort,Maryland,70242,11.732777,59.7900825
Veronica Woodward,19,090 Melissa Centers,Donaldchester,Ohio,08658,17.596205,54.5611295
Laura Wilson,80,278 Michael Centers,East Loganview,Iowa,49615,90.290434,-16.264943
Steven Simmons,26,420 Sean Divide Apt. 929,Carolynmouth,Kansas,15725,-142.473210,-17.429845
Warren Hodges,20,801 Young Station,Lake Richard,Indiana,66723,-92.214179,-30.5548785
Robin Benitez,80,34890 Scott Forges,North Christineland,Connecticut,06476,159.847847,-59.4526745
Monica King,27,579 Robin Points,South Aaron,Vermont,39731,-20.822413,-5.660277
Brent Jones,56,28936 Joseph Freeway Apt. 515,Norrisburgh,Louisiana,15292,-123.060669,-31.6222055
Jennifer Williams,24,52884 Phillip Crest Apt. 483,New Frances,Missouri,94932,53.925404,22.141439
Sherri Cook,48,2751 Pugh Plaza Apt. 433,Janemouth,Georgia,92959,59.695938,45.6989345
Jeremy Waller,67,2521 Daniel Walk,Kimberlyview,Vermont,23330,-86.475787,62.018373
Cynthia Johnson,24,62644 Smith Hill Apt. 310,New Stephen,Tennessee,38128,-148.739480,44.7768785
Anthony Grant,55,16888 Tran Land Apt. 282,Odombury,Missouri,92912,-50.599426,38.790447
Benjamin Williamson,22,4916 Sara Valley,Chrisport,Pennsylvania,89291,-11.319577,-79.369652
Kevin Nichols,57,1488 Buchanan Ports Apt. 282,South Jasonborough,West Virginia,28849,-120.395926,67.2701575
Candice Whitaker,76,1120 Russell Trail,Raymondstad,Tennessee,20785,-80.242620,-12.521833
Lauren Liu,72,5762 King Island Suite 062,Austinland,Massachusetts,65393,68.871282,18.706609
Jennifer Rocha,34,62578 Summer Stravenue,East Charles,New York,27564,-101.650354,6.589654
Mark Schroeder,46,44758 Keith Spurs Apt. 340,New Alicia,Connecticut,43813,157.999716,1.269630
Mrs. Sarah Gregory,56,737 Marcia Ville,Matthewtown,South Dakota,87225,75.605942,75.3258575
David Martinez,68,413 Thomas Valleys Suite 999,Ruthberg,Delaware,66364,-87.918256,59.574044
Harry Jackson,31,11301 Zachary Loop,Elizabethchester,Wisconsin,98441,-95.202479,15.8268485
Joseph Roy,59,47241 Deborah Manor,Johnsonton,Louisiana,29962,83.643885,-88.2547025
Valerie Kirk,71,8614 Walker Plaza,Montestown,Florida,49814,60.910232,-38.6399375
Nicholas Russell,79,81616 Roger Lodge Suite 578,Millerbury,Maine,18026,-89.059830,88.115451
Kyle Robbins,63,427 Bailey Valleys,West Briantown,Arizona,46574,-88.287384,73.044969
Michael Cervantes,52,205 Kim Ports,Port Jillian,Arkansas,63025,164.364889,10.507610
Belinda Hudson,50,81694 Brent Mall Suite 251,Lawsontown,Utah,64622,-63.657286,54.8650965
Alyssa Pope,33,36231 Jennifer Point Apt. 104,Jenniferville,Louisiana,45368,74.360726,1.9629265
Lauren Ortega,59,883 Perez Plaza,Nataliefurt,Kentucky,01565,151.762509,43.359179
Bryan Myers,66,21593 Eric Row Suite 697,Paulshire,New Jersey,52960,123.259388,69.652770
Jessica Bowman,66,349 Jason Coves Suite 499,North Kyle,Nebraska,43541,130.178128,-81.5548315
Linda Jones,18,66657 Romero Crossroad,West Loriview,Missouri,75052,68.017746,-57.121725
Tanya Wells,70,78187 Stephanie View Apt. 989,Jamesshire,South Dakota,54323,155.500917,60.1603955
Debra Taylor,69,966 Gillespie Highway,Port Leroyside,Michigan,14886,-31.082920,6.4890635
Tiffany Cortez,66,08096 Stacy Lock,Davidstad,New Hampshire,10548,127.968120,-44.9535945
Stephanie King,66,04076 Vaughn Loaf,North Philip,Nebraska,31833,-85.631759,-37.0114945
Brian Hill,40,079 Miranda Summit Suite 800,Adrianastad,North Carolina,21487,-18.120070,-22.2670575
Deborah Bell,27,3934 Hawkins Corner,Shellymouth,Utah,89901,-174.014589,23.2194285
Andrew Cobb,55,2004 Carter Haven,East Stephanieborough,Michigan,91500,40.878077,-65.7526345
Stacy Bray,77,0752 Marvin Inlet Apt. 804,New Madisonchester,Indiana,41687,119.616402,-0.5328615
Hannah Gardner,28,3048 Morgan Gateway Suite 227,New Elijah,Mississippi,20152,-174.467477,-87.057566
Kristen Clark,18,353 Christopher Cliff,New Phillip,Missouri,91276,77.044823,-67.4762865
Marissa Henderson,34,771 Jerry Course,North Miaberg,Montana,21516,112.701940,45.0570635
James Stone,39,3867 Kim Valley Apt. 004,New Jasminetown,Nebraska,95066,53.968984,-39.1902875
Tim Edwards,21,354 Kevin Ports,North Danny,New Mexico,67522,16.811588,82.8706445
Alexa Jensen,31,6144 Gould Crescent Apt. 032,Lake Angela,Montana,27545,-127.421289,1.862188
Eric Ayala,28,8861 Clark Ports Suite 074,North Terrence,North Dakota,27559,66.678465,22.6173955
Deborah Garcia,42,092 Johnson Summit Suite 439,Sandraside,Mississippi,82128,15.537309,-4.8382995
Tommy Liu,54,529 Cole Track Apt. 274,Port Michael,Delaware,48765,142.307460,-74.575630
Edgar Smith,42,3333 Mccarty Court Apt. 065,Phyllisbury,Tennessee,49685,36.568769,35.842796
Breanna Holt,69,4445 Kevin Track,New Henry,South Dakota,39096,135.027982,34.594765
David Moore,35,251 Jackson Crossing,North Anthony,Michigan,62006,68.041883,-34.987137
Michael Reyes,53,6351 Macdonald Stream Apt. 141,Castroberg,New Hampshire,98934,-62.045689,-50.1239195
Joel Richards,54,0884 Justin Vista,New Lisa,Montana,36996,5.881876,23.0703605
Dawn Richardson,50,36283 Pamela Bypass,Danastad,South Carolina,08023,-2.572774,67.757915
Tina Sherman,25,15967 Samantha Fort Apt. 616,New Courtney,New Jersey,02452,-176.631811,-13.588359
Tracy Smith,29,019 Jasmin Cliff,Ericbury,Colorado,58850,-163.031739,-9.6902255
Dorothy Murray,47,0894 Robert Stravenue Apt. 110,East Christineberg,Virginia,30950,-89.391189,-28.5625645
Natalie Mathis,30,614 Erica Light Suite 927,Barrton,Arizona,26632,-177.004404,-28.625950
Joshua Cook MD,44,756 Michael Trail,Johnsonmouth,Maine,01476,155.564790,66.053120
David Lambert,37,548 Smith Ford Apt. 538,North Gregory,Georgia,75928,-63.639480,-83.014398
Matthew Thompson,77,085 Carlson Neck,Santosmouth,Oklahoma,51511,136.199125,-44.0584905
Alex Tucker,27,17216 Scott Pass Apt. 293,Bakerburgh,Alaska,59719,-50.584377,-74.906801
Shelley Simon,39,61896 Larson Park,Wilsonburgh,South Carolina,18114,118.699412,-38.5901235
Eric Graham,73,96249 Joyce Point,West Josephberg,New Mexico,75684,-57.587284,-38.085025
Matthew Rogers,60,84906 Robert Common,West Jacquelinemouth,Pennsylvania,33191,-107.342508,58.6062225
Troy Kelley,77,2713 Robinson Well Suite 750,Wrightville,Arizona,49439,127.108850,82.4463415
Christian Chavez,37,5184 Dawson Junctions Suite 491,South Jennifer,Connecticut,96059,-104.632825,27.6816465
Diana Evans,58,18338 Jeffrey Loop,East Austin,North Dakota,33383,-7.541960,-40.0972375
Madison Crosby,52,80262 Lynch Shores,South Amandaland,Delaware,98116,-54.092337,-65.557949
Ryan Porter,54,06819 Myers Hill Suite 925,Hartport,South Dakota,80498,-61.489706,57.8759765
Rachel Holland,75,134 Porter Divide Apt. 866,Lake Brianstad,Texas,18549,-57.443299,69.634102
Kristen Hodge,28,0387 Page Track,Martinezberg,Vermont,14230,-101.443192,-50.917128
Jennifer Gibson,25,24773 Bradley Roads,South Danielle,Illinois,55512,147.060554,12.3101375
Charlene Jackson,37,995 Christopher Shores,West Michellemouth,Washington,58411,87.410239,62.545614
Elizabeth Jones,79,388 Walker Locks,New William,North Carolina,52522,-78.973796,61.9313215
Samantha Stephens,46,961 Sheila Station Apt. 005,Lake Austin,Oregon,57560,67.823793,-24.3446105
Walter Brown,56,9298 Brandon Knolls Apt. 890,Madisonmouth,Texas,80257,-69.899490,45.891549
Martha Harris,27,904 Fernandez Village Suite 463,Ryanchester,Massachusetts,78456,52.332414,-23.296987
Joshua Ward,42,3292 Williams Forks,Port Sharonbury,Minnesota,77946,-168.807786,-87.8816205
Janice Yates,22,11759 Lopez Mission,North Aliciastad,New Hampshire,14633,81.184769,-89.047445
Connor King,34,286 James Cove Suite 674,Port Michaelberg,Georgia,21427,-165.302452,12.988979
Madison Werner,67,9418 Sherry Flat Suite 732,East James,Rhode Island,97752,63.864626,-32.270887
Patricia Baker,60,352 Stuart Mount,New Rebecca,Kentucky,25384,153.439716,-14.765229
James Stewart,48,197 Joshua Corner Suite 558,Edwardberg,Arkansas,19835,-72.557365,73.1921155
Gregory Best,38,12772 Patrick Street Suite 626,New Margaretview,West Virginia,10138,-20.382962,-88.6467625
Christopher Mckinney,39,263 Anthony Plains Apt. 323,North Alexanderside,Nebraska,50448,28.756594,57.9122275
Miss Andrea Hale DVM,32,40651 Jessica Meadows,South Ashleymouth,Oregon,65630,-178.156476,-80.9404625
Jacqueline Martin,42,33842 John Mountains,East Kim,South Carolina,48546,159.186625,58.4090495
Adam Bell,44,26782 Erika Wall Apt. 734,Moranside,Kansas,53333,-163.068290,-57.6880885
Julia West,53,255 Matthews Path,Port Jamie,West Virginia,69821,98.058124,-57.769457
Jason Hopkins,41,649 Smith Plaza Apt. 878,East Meganport,Arizona,29880,-159.617119,39.258467
Adam Smith,50,318 Vincent Park,Lake Loriview,Kentucky,21031,77.069075,-77.9345725
Rodney Smith,55,857 Douglas Coves Suite 061,Newmanland,Rhode Island,90857,-143.225674,-45.9120795
Wendy Monroe,20,992 Reid Wells,North Isaiah,Georgia,05663,-131.553224,-13.649629
Heather Garcia,65,850 Colleen Points Apt. 769,West Kimhaven,Rhode Island,76753,39.040799,64.805779
Justin Waters,62,571 Robert Drive Apt. 810,New Seanchester,Hawaii,89867,74.075482,63.8838525
Charles Rios,73,2726 Jackson Locks Suite 965,Port Daniellestad,Idaho,17474,-132.244515,5.8824955
Brandi Smith,62,005 Nathan Spur Suite 190,Shafferberg,Tennessee,77333,121.589998,-5.020725
Joseph Pacheco,42,83507 Isaac Village Suite 839,Gonzalezville,Maine,71306,-65.992525,45.4056065
Justin Baker,47,4097 Victor Lane Apt. 431,East Jerry,Maine,81798,108.260800,83.8756245
Lori Taylor,38,7307 Jesus Orchard Apt. 098,Sabrinaville,Arizona,03313,-57.755171,-46.9849035
Lisa Santana,41,167 Dominique Path Apt. 981,New Kyle,Maryland,41578,-67.770288,-72.2726505
Justin Richardson,55,4305 Hall Meadows,East Williamview,New York,99881,69.965078,-50.989922
Maria Barnett,27,9454 Eric Loop Suite 412,West Melissatown,Mississippi,11421,142.933442,79.7765805
Brandon Jackson,30,1408 Brandon Rest Suite 006,Tracyland,Wisconsin,19880,-97.277498,-13.570898
Tina Lee,75,9031 Amanda Hollow,Lake Jenniferside,Oklahoma,91152,-80.804561,16.4293485
Sarah Conway,63,3214 Dawn Prairie Apt. 032,Kennethville,North Dakota,56872,-45.093152,-65.2637225
Alexander Rodriguez,55,584 Lopez Wall Apt. 879,Lake Joshua,Washington,33540,-138.794410,72.4561025
George Wright,56,892 Moore Club,New Brianna,Maine,30872,110.990134,-18.038096
Yolanda Richardson,65,179 Alejandro Underpass Apt. 302,New Matthewside,California,54357,-63.260459,20.5618565
Scott Olson,71,03160 Richard Park Apt. 496,Richardborough,Texas,38008,34.595986,53.0041415
Leah Faulkner,72,840 Kim Underpass Apt. 981,Jonesland,Massachusetts,48802,-121.885859,-20.978049
Derrick Smith,78,4760 Reid Meadow,West Wesleymouth,Michigan,63311,-64.398106,-42.5149085
Jeffrey Rogers,63,11547 Johnston Track,New Racheltown,Maryland,69631,99.660498,32.3450705
Sonia Ryan,67,786 Hood Ridge Suite 941,East Jeffrey,Ohio,13628,-178.096967,74.8419145
John King,21,186 Michael Burg,North Heather,New Hampshire,47694,19.163881,-41.916224
Michael Vance,38,41284 Jodi Throughway,Lake John,Massachusetts,27028,-39.939921,-46.9335135
Diane Baker,61,33378 James Knolls,Tiffanyburgh,Colorado,88396,-4.703159,9.2309345
Kelly Smith,80,04333 Moore Heights Suite 784,New Michael,Colorado,15466,-46.276624,24.657143
Kimberly Foster,45,6301 Paul Walk Suite 682,North Troy,Kansas,33065,30.740532,-55.9679085
Kathy Brown,74,97185 Steve Fords,New Justintown,Kentucky,53440,118.293153,-2.7056955
Nathan Houston,79,3622 James Radial,Lake Maria,Idaho,64930,-15.491989,-70.068213
Nicole Edwards,48,65695 Paul Rest Apt. 453,West Elizabeth,Illinois,60812,-151.532289,-22.287949
Mary Sanchez,46,608 Keith Harbors Suite 420,Johnview,Colorado,67017,-91.751304,17.3421805
Kevin Bauer,63,54977 Harris Fork Apt. 038,Port Sueberg,Pennsylvania,70846,153.782263,-42.601474
Nathan Holmes,66,8279 Phelps Vista Apt. 965,South Sean,Arkansas,07663,-121.609005,-35.280558
Nancy Ramos,64,82760 Tammy Row Apt. 824,Jasonborough,New Hampshire,96975,91.036486,4.0175165
Roy Jones,56,4106 Adams Freeway Suite 646,Baileyborough,Virginia,71844,168.432675,24.3613115
Paul Ortiz,30,6318 William Grove,Hallborough,Virginia,16204,42.864554,-78.526412
Taylor Dixon,25,057 Nicholas Corners,East Charlottemouth,Alabama,46410,74.232896,-64.3857695
Briana Morales,45,772 Connie Row,South Curtisport,New Mexico,48315,-167.738632,-32.4289385
Jodi Holmes,58,796 Foster Gardens,West Michael,Washington,88932,-152.545551,77.807989
David Martin,59,2832 Stephanie Mountains,Fernandezshire,North Dakota,41707,-43.108660,21.6706595
Christopher Hartman,36,31039 Danielle Corner,Denniston,Massachusetts,54802,-135.697971,-56.5822275
Adam Riley,28,2802 Kirsten Plain Suite 920,Linstad,Hawaii,83254,34.536804,-62.231587
Brendan Koch,23,568 Fernandez Forge Suite 551,Andrewhaven,Rhode Island,42097,-143.501498,-30.621118
Morgan Garcia,77,44546 Anthony Lake Suite 083,New Oscar,Wyoming,74461,-54.429651,16.9649545
Terrance Ellison,51,760 Sullivan Views Apt. 870,Douglashaven,Kansas,50721,-149.314283,36.0316695
Gene Garcia,63,51682 Martinez Extension Suite 297,Josephmouth,Vermont,82741,92.645144,86.3023145
Tammy Hansen,27,801 Andrews Island Suite 964,East Hannah,Hawaii,91236,-23.059524,-86.556725
Samuel Sanders,80,5339 Hall Rapids Suite 715,Moorebury,California,60804,-136.283618,-47.027925
Eric Griffith,68,321 Simmons Squares Suite 162,Joelfurt,Nevada,90794,22.152664,-41.121231
James Jensen,23,0343 Vanessa Bypass Apt. 564,North Lindseybury,West Virginia,03139,28.071240,-50.709356
Stephanie Paul,46,89739 Alex Orchard Apt. 044,Kellyside,Missouri,11907,-48.992418,87.2777335
Kevin Fisher,49,42777 Molina Mountain,Rosefort,Indiana,59275,22.454773,-49.2426555
Jessica Copeland,22,3824 Fleming Cove Apt. 177,East Julietown,New Jersey,10658,17.701105,65.8288495
Laura Matthews,60,83977 Adams Fork Apt. 676,Port Davidville,Pennsylvania,01207,120.946143,-64.4103085
Rhonda Dixon,29,4354 Logan Spring Suite 474,New Thomas,Florida,76384,148.343919,58.269492
Sandra Davis,71,5706 Shane Spurs,Lake Frederick,Idaho,51663,-44.473809,13.313075
Travis Roach,62,584 Miller Isle,West Shannonshire,New Hampshire,45043,-3.303548,24.305669
John Ruiz,77,3584 Arthur Canyon,Elizabethhaven,Alaska,07552,-61.734700,26.592267
John Peterson,70,70530 Gonzalez Street Suite 976,New Johnny,Pennsylvania,87547,-69.690681,37.923937
Stephanie Brown,30,177 Martin Square Apt. 812,South Robertbury,New Jersey,17826,-83.517553,59.405638
Bryan Duncan MD,76,627 Harris Union Apt. 206,New Madison,Illinois,77409,172.999713,-56.018908
Kevin Howell,41,398 Mccoy Forge,Mayfort,Oklahoma,31730,119.217338,60.9249855
Timothy Hancock,80,08639 Tonya Turnpike,West Steve,Indiana,74957,-47.414461,55.1692295
Amanda Jones,39,70004 Lauren Rapid Apt. 727,Port Roberta,Delaware,08763,2.899958,-42.5512135
Christopher Brown,43,13277 Stuart Harbors,New Pennyfort,Montana,76464,-53.088357,70.8471485
Karla Jones,76,810 Julia Radial,Bushfurt,Florida,04762,-29.780181,85.7928055
Michael Thomas,26,01010 Amanda Turnpike Apt. 249,East Chelsea,Arizona,90453,22.045431,-33.636766
William Brown,50,98601 Robert Lock,Wilsonland,Indiana,19766,53.616825,42.7709885
Eric Weber,42,388 Julie Pike Suite 507,East Javier,Oregon,90040,-37.566256,70.341687
Cassidy Roman,68,56210 Michele Street Apt. 070,Castillomouth,Missouri,13508,85.117533,37.6002995
William Fowler,55,01138 Snyder Field Suite 710,Melissamouth,Nevada,22797,127.745937,65.9956445
Sue Coleman,69,306 Brianna Village Suite 191,Johnsonborough,Virginia,91346,90.313965,-59.981943
Ashley Arias,31,30517 Travis Plaza Suite 463,Campbellmouth,Connecticut,89910,-77.323070,-55.8633795
Susan Drake,55,10177 Bolton Overpass Suite 155,Lindseyhaven,Oregon,67343,-123.005593,-45.062030
Vickie Ortiz,73,96625 Teresa Ford,Lake Barbaraland,Rhode Island,38037,60.072209,-17.2232635
Rhonda Moss,21,8166 Emma Vista,East Amandaburgh,Arkansas,58216,-78.763235,-75.4889165
Brittany Diaz,44,1596 Elizabeth Camp,East Matthew,New Mexico,31357,47.732369,-58.932242
Brandi Cox,57,03217 Phillips Ranch,Gordonbury,California,24509,-43.738263,49.714154
Carlos Clark,78,76181 Timothy Plain Suite 584,Lawrencehaven,Alaska,85647,-173.771817,25.2909945
Laurie Mills,37,613 Clark Mall,Melissaburgh,Illinois,05043,102.623161,-34.389047
Jean Alexander,32,692 Patterson Centers,East Michealton,New Mexico,74442,-118.141006,-17.883746
Michelle Mcguire,57,95287 Fields Drive,Hopkinsburgh,Tennessee,84944,11.231485,-66.7764325
Tracy Hendrix,19,445 Swanson Village,Dorseystad,Mississippi,62022,14.524063,29.194410
Edwin Gonzales,19,55628 Todd Ridge,East Carolyn,Wyoming,62080,-30.984015,22.2060575
Tracey Martin,44,19399 Tara Gateway,North Catherine,Vermont,37825,170.635767,36.113543
Michaela Bryant,37,66105 Gardner Mountains Apt. 987,Brownstad,Utah,27247,73.928862,-45.086247
Brenda Hull,22,366 Jose Underpass,Port Karen,Rhode Island,43237,-100.011203,-7.120761
Donna Gonzales,61,974 Davis Walk,Annettemouth,Montana,55714,27.239008,53.2598685
Francisco Vargas,52,8310 Mark Garden Apt. 208,Heathberg,Alabama,68374,-29.572145,30.552159
Andrew Hernandez,48,050 Jennifer Mountain,Martinton,Minnesota,09289,95.211946,15.8699755
Jennifer Buchanan,69,24485 Wilson Alley,Pittmanside,Nebraska,63407,-1.305845,-86.303495
Jennifer Collins,19,02639 Jonathan Stravenue,North Mary,West Virginia,26184,93.131816,-28.2212695
Diana Richardson,59,1973 Bennett Locks Suite 993,South Chadton,Illinois,01000,76.388733,17.022398
Jennifer Lane,40,5894 Dawn Stream,Taylorfort,Montana,92654,42.682010,-67.3525695
Sarah Johnson,53,5161 Morrow Track,Ethanfort,Alaska,20024,104.175439,-75.3674735
Tamara Cooper,54,751 Amy Drive,Alvaradoview,Mississippi,88086,112.020237,5.5590575
Victoria Morrison,74,48129 Davis Knoll Suite 817,North John,Tennessee,15345,-59.248415,44.470542
Blake Ortiz,22,359 Thompson Curve Apt. 230,West Benjamin,Virginia,26474,43.918157,-62.9570795
Steven Garcia,35,3951 Matthew Land Suite 124,Smithburgh,Colorado,90039,138.832017,13.131570
Miss Alexandra Byrd DVM,38,38164 Jones Wall Suite 880,Lake Amberberg,Massachusetts,62440,15.569808,64.280334
Michael Bryant,52,0463 Lowery Rapids,Darrenland,Maryland,48831,-90.884719,41.812164
Robert Rodriguez,45,493 Gates Alley,Sanchezfurt,Missouri,15572,-72.425366,50.702154
Randy Lopez,45,96156 Acosta Inlet Suite 418,South Gabriella,Arkansas,79390,132.810970,-2.4637245
Justin Larsen,54,4578 Bethany Summit Suite 966,Popestad,Massachusetts,21280,-175.591928,60.863034
Michael Miller,20,4721 Zachary Station,Hillfort,Georgia,23980,171.829041,63.3437665
William Taylor,73,75247 Sean Wells Apt. 557,Port Ashleyshire,Tennessee,99193,78.553865,-56.5347905
Phillip Perry,52,6281 Davis Plaza,North Carl,Alaska,07726,3.149346,-82.965720
Sylvia Lawson,67,4781 Zamora Radial Apt. 259,Shawnborough,Michigan,91092,1.409295,46.284736
Renee Bernard,75,104 Anderson Neck Suite 195,East Pamelaborough,Tennessee,65283,-129.324261,19.012926
Nicholas Richards,31,968 Amy Mills Suite 783,Port Derekton,Maryland,98867,77.028746,-78.579635
Kristen Morgan,57,1909 Julian Walks Suite 456,North Bryan,Georgia,78548,-64.164334,20.7213525
Glen Harrington,27,6704 William Ville Suite 271,East Davidville,North Carolina,86428,79.330444,52.1437035
Sandra Hardin,72,57668 Carolyn Lane Apt. 707,Richardfurt,Maine,50880,-139.377170,65.698944
Amy Holmes,70,971 Carpenter Lodge Apt. 866,West Kathleen,Alaska,06468,179.535710,84.840813
Mrs. Kelli Gonzales,32,09818 Michael Oval,North Jesus,Delaware,53390,-67.942940,39.799502
Paul Castillo PhD,48,230 Johnson Locks,Bakerchester,Michigan,91995,-26.136702,44.128243
Christy Malone,64,292 Davis Well,Bonniestad,South Carolina,06755,-140.694064,22.5051415
Katherine Perez,36,97971 Gregory Land,East Paul,Louisiana,40243,-67.943226,-6.5158755
Ashley Fisher,41,647 Wheeler Pine Suite 716,West Williamshire,Idaho,03044,78.745475,-8.563796
Wayne Edwards,62,663 Allison Point,Garciamouth,Florida,61071,-127.708375,13.514173
Nathan Armstrong,71,901 Phillip Land,Port Angelaport,Louisiana,94548,-108.982433,29.0169925
James Clark,66,77488 Billy Harbor Suite 944,Lake Robertstad,Idaho,44671,-136.557950,73.5528795
Katherine Barron,61,44600 Brenda Street Apt. 185,Lake Michael,South Dakota,60106,-86.624013,-80.047397
Jennifer Lee DDS,59,3541 Christina Ways Suite 290,Williamston,South Dakota,97549,-179.681744,-74.664354
Elizabeth Hill,21,287 Kaiser Locks,North Jeffrey,Vermont,69752,-138.372286,78.833269
Adam Carpenter,41,3761 Molina Stravenue,Port Erica,Utah,52776,156.072987,84.667102
Trevor Ingram,36,45100 Taylor Motorway,North Maryberg,West Virginia,66249,-146.076667,35.7987915
Stuart Thompson,50,36121 Roger View Suite 134,North Rachel,Louisiana,29702,87.418477,23.536048
Brandon Lawrence,48,0817 Stewart Throughway,Lake Stevenbury,Michigan,06291,77.334013,70.192188
Jared Brown,58,5232 Amanda Curve Suite 435,Johnfurt,Washington,79394,135.174361,-64.4179995
Anna Williams,51,620 Peterson Heights Suite 068,New Tara,Kansas,74607,-161.004021,-25.4828695
Edward Brown,35,99097 Anthony River Suite 109,Macdonaldstad,Oregon,61612,-112.768251,51.965033
Mr. Cody Mueller MD,51,0319 Donna Brook Apt. 760,West Cindymouth,Arizona,28897,-139.258416,-69.5563435
Amanda Hancock,75,65034 Megan Islands,West Amy,New Mexico,43297,-153.196206,43.377693
George Hicks,58,1761 Kayla Grove Apt. 405,Jeffreybury,South Carolina,88050,145.424310,16.302023
Ryan Schmidt,18,53682 Greene Motorway Suite 370,West Terri,Iowa,31802,139.971860,-83.8204455
Cody Morrison,29,77699 Kim River Suite 139,Michealchester,South Carolina,89478,173.328890,88.9250495
Gloria Gonzalez,39,5544 White Estate,New Ericburgh,Indiana,28187,-101.820083,-48.6116735
Edward Jones,41,308 Michael Divide Apt. 585,Loribury,Delaware,21041,51.901081,4.8212605
Scott Walker,55,642 Davis Parkways Apt. 700,South Nicholasstad,Vermont,97635,-101.069535,-45.5156775
Michelle Abbott,72,5344 Freeman Bridge Suite 173,East Tinachester,Michigan,92660,-18.585758,-12.5427565
Sarah Cherry,80,3816 Pamela Mountains Suite 458,Jonathanshire,Rhode Island,16254,-151.213683,83.182048
Brian Garcia,22,158 Becker Points Suite 874,Calebtown,Connecticut,56941,172.562430,-85.018399
Sarah Carroll,34,92657 Bowman Oval,Lopezchester,Washington,97336,48.280575,-67.7670865
Joseph White,69,40499 Stewart Overpass,East Donaldport,Oklahoma,64760,-113.847603,80.671545
Christine Anderson,45,0570 Victor Loaf Suite 923,Lake Kristina,Montana,95052,-96.584055,4.261228
Cheryl Harvey,49,147 Scott Motorway Apt. 035,West Emilyshire,Massachusetts,46442,73.696726,-24.252520
Terry Todd,55,70159 John Corner,Kevinborough,Vermont,75161,168.969522,37.3340165
John Hill,40,5872 Haas Tunnel Suite 010,Zamoramouth,Colorado,75065,173.085078,-89.0608855
Amy Thompson,74,685 Nicole Drives,Nicholasmouth,Pennsylvania,01982,-78.163431,-19.9183065
Adriana Deleon,76,98099 Mark Pass Suite 312,East Jakeville,Vermont,58984,-128.272949,-2.6961765
Matthew Jackson,41,69096 Dana Street Suite 967,Grantport,Arkansas,87211,137.868631,-22.573820
Amber Perez,51,211 Castillo Orchard Apt. 453,Lake Regina,Vermont,14598,-116.192010,-56.348591
Johnny Novak,43,93162 Lauren Run,Lake Briannaton,Mississippi,89348,-162.394184,11.679040
Brittany Martinez,33,08167 Veronica Village Apt. 406,Bradyshire,Delaware,21897,151.169496,8.257217
Amy Roberts,65,066 Rodney Crest,East Brandonport,Vermont,69233,45.103084,66.733048
Michelle Michael,38,40988 Terry Stravenue Apt. 031,Normanville,Wisconsin,85808,31.665042,64.8675865
Annette Collins,64,849 Cox Plains Apt. 902,East Michelle,Iowa,08531,-27.867951,-66.512175
Sandra Johnson,35,56275 Tapia Expressway Apt. 393,New Charleschester,Alaska,53622,89.054606,45.6569575
Michael Morris,37,56317 Caroline Lane Suite 187,Port Sheenastad,Delaware,54775,42.858593,-33.6676445
Kelly Bryant,27,122 Diana Stravenue,Melanieport,Connecticut,22293,-135.219616,-52.5283005
Carol Moses,30,14101 Bryan Crossroad Suite 050,Lake Robert,Arizona,97178,-119.883762,43.3276565
Daniel Phillips,66,701 Joel Shoal,Johnview,Montana,15090,-146.245040,-13.117583
Dylan Castillo,39,3338 Whitney Flats Apt. 231,Hansenfurt,Missouri,57984,74.794108,11.1439175
Elizabeth Webb,25,61532 Lambert Terrace Suite 706,East Jamesberg,Rhode Island,24957,31.070201,2.7933685
Bonnie Gill,32,5571 Michelle Gardens,Juarezchester,Nebraska,24962,76.968683,61.1313395
Joseph Vazquez,69,78358 Virginia Island Apt. 629,Martinezburgh,Kansas,25932,-74.817512,-60.349531
Christopher Shaw,36,39452 Murphy Hollow Suite 473,Angelaport,Michigan,45731,-160.175645,-77.197165
Cassandra Miles,30,5127 Hale Shores,Richardsville,Hawaii,10469,114.710089,61.312849
Martin Richard,18,59523 Johnson Run,Stewartbury,Maine,96997,32.223800,30.060529
Charles Bailey,50,26417 Calderon Crossing Apt. 721,South Stephanietown,Wyoming,44588,-117.763253,-67.2855255
Christopher Mullen,65,4425 Floyd Roads,South Maxwellton,Oregon,37845,115.687388,30.2948845
Anita Banks,22,0359 Jacobson Branch Suite 781,Blevinsburgh,Utah,06334,-168.331033,-20.256042
Pamela Figueroa,62,092 Mcclure Manors,Ellisview,Kentucky,34699,69.504132,21.5625485
Mark Patrick,44,6709 Duran Loaf,Staceyland,Michigan,31680,116.768630,-51.945277
Timothy Strickland,28,271 Allen Mount,Port Daniel,New Mexico,42776,-37.192317,72.8917455
Julie Williams,60,80766 Michael Street Suite 717,West Donna,Montana,08805,171.072775,-22.582737
Colleen Krause,34,329 Caleb Crossroad,East Lorihaven,West Virginia,76944,104.041498,54.747346
Derrick Mcdonald,57,9967 Davis Glens Apt. 763,Michelleport,Maryland,73232,126.627796,22.284967
Ashley Williams,34,3070 Jensen Shore Apt. 977,Ramseyshire,North Carolina,42066,171.648204,-82.9593675
Gabrielle Lopez,78,58399 Tara Wall Apt. 160,Mooreview,Texas,84868,-114.424939,13.1891465
Ryan Jenkins,47,054 Brandy Parks,Curryfort,Minnesota,35630,39.629584,-26.6492565
Kimberly Johnson,42,20000 David Mountains Suite 756,New Juanburgh,Minnesota,08846,1.121689,59.265329
Barry Jackson,21,61830 Bender Views,Leonardside,South Carolina,53977,124.199606,-44.4167635
Daniel Anderson,41,876 Clayton Manor,Sarahville,Wisconsin,22384,1.006249,-68.785831
Tyrone Burnett,19,4712 Catherine Skyway Suite 177,Garciafort,Pennsylvania,14550,-90.517358,31.179138
Michael Hawkins,58,2704 Roy Flat Suite 217,Gonzalezbury,Massachusetts,08814,129.578852,47.130572
John Fritz,49,2264 James Fields Suite 085,Lopezton,Pennsylvania,39811,161.463968,-48.4460105
Sherri Ayers,63,61867 Leon Cape,Greenville,Kansas,81014,-150.072805,-11.662128
Todd Wright,28,53338 Decker Street Apt. 053,Jefferyhaven,Rhode Island,62324,-94.077921,89.8763115
Melissa Thompson,70,7524 Mary Via,Baileychester,Maryland,11036,63.087530,-16.0701225
Jane Tran DDS,73,994 Smith Flats,Mcdanielbury,Nebraska,53212,-9.340118,61.2304715
Michael Johnson,52,9687 Kelly Valley Apt. 316,West Kathyfurt,Vermont,01773,61.258502,-24.938688
Nichole Perkins,23,190 Steven Square Apt. 348,Lake Kristin,Maryland,89625,66.404044,23.2498575
James Tanner,20,2523 Hansen Points Apt. 978,Conwayfort,Ohio,39051,-1.820702,-85.3614995
Jerry Franco,18,6864 Wilson Flat Suite 416,Christianmouth,Pennsylvania,20213,-167.241421,-85.6792375
William Rowland,34,6654 George Ferry,East Jeff,Michigan,65356,39.100435,-70.522184
Kathryn Holloway,26,037 Robert Haven Suite 252,Bushton,California,26210,115.827817,48.6810845
Marie Cook,34,9322 Jeffrey Plains,South Patrick,Idaho,17194,46.126633,-79.3696335
Tyler Smith,32,82171 Perez Courts Suite 081,North Brandon,Massachusetts,12761,-64.436981,-38.6416685
Kristina Petty,57,9822 Adams Lakes Apt. 973,Tracyview,Colorado,44578,110.001593,56.859325
Michaela Murphy,73,089 Blackwell Field,Castrobury,New Hampshire,01174,149.326345,-13.745346
Cassandra Aguilar DVM,37,157 Jeffrey Station,East Dawntown,Montana,55566,-127.736431,17.5330965
Noah Mann,72,74375 Howard Forges Apt. 431,Hillton,Massachusetts,71404,0.290824,49.570444
Monica Brown DDS,74,1273 Wu Meadow Suite 936,West Kimberly,Delaware,54294,-178.641433,46.7103265
Meghan Harrell,70,120 Smith Heights Apt. 530,Clarkside,Alaska,86316,4.995370,-85.033819
Charles Woods,23,945 Caitlin Roads Suite 590,Pagemouth,Pennsylvania,63060,72.571451,-84.9755095
Melissa Mccall,74,5820 Roberts Ramp,Amberview,North Dakota,22514,122.840477,-27.825118
Anthony Houston,20,63981 Kathryn Prairie Apt. 277,Amandamouth,Oregon,90941,31.773432,-20.906736
Matthew Hernandez,44,3563 Mcdowell Shoal Suite 071,Port George,West Virginia,57630,-86.430637,0.2148955
Jeffrey Jones,70,01712 Michael Drive Apt. 601,Denisefurt,New York,32617,71.713843,-17.752000
William Wilson,25,2592 Taylor Island,Gregoryshire,New Hampshire,83468,139.517227,16.365815
Kristin Jones,73,548 Gloria Mountains,Carlosbury,Iowa,68857,55.554788,-29.679198
Mary Powell,63,60517 Sandra Lane,East Jenniferberg,Illinois,83780,-130.184490,56.313384
William Barry,24,66720 Ferguson Road,Brownstad,Kentucky,12679,-26.126610,-62.7316025
Elijah Stewart,40,266 Susan Valley,Thompsonview,Vermont,65909,-144.631796,-18.4531655
Thomas Anderson,41,022 Patel Streets,Port Kristinaborough,Wisconsin,33421,37.468069,-50.283414
Lauren Waters,43,48789 Hawkins Haven Apt. 485,Sharonmouth,Ohio,45899,-54.157659,78.9092535
Heather Morse,66,07129 Derek Coves Suite 851,Paulmouth,Nebraska,96618,150.751401,83.3466815
James Orozco,41,550 Davies Ridge,Whitestad,West Virginia,99106,65.515199,13.382592
Scott Wheeler,40,5969 Summer Turnpike,East Carol,Ohio,81709,-0.490698,8.182597
Lauren Cameron,62,13523 Lisa Groves Apt. 982,Lake Lori,West Virginia,20708,84.803946,-17.411802
Andrea Garcia,56,603 Heath Well Suite 589,West Jeremiahstad,Vermont,70294,34.528674,25.3432765
Katie Kelly,32,152 Buchanan Stream Apt. 593,Jaredstad,Indiana,91913,-39.636567,-22.3971065
Sarah Moore,39,06809 Scott Canyon Apt. 695,Hermanview,Delaware,32064,13.086138,-25.461446
Brittany Pierce,69,6680 Bailey Lodge Suite 990,Masseyfort,Vermont,92033,98.577031,-11.1860685
William Garcia,52,803 Gallegos Fort Apt. 059,Timothybury,Maryland,57805,7.384161,-28.2507635
Cindy Mann,47,8945 Booth Inlet Suite 373,Port Joshua,South Carolina,79787,170.830465,-35.736608
Oscar Nguyen,50,0773 Davis Fields,North Erika,Idaho,07093,-49.350582,22.2156715
Kevin Choi,56,1143 Haney Isle,Monicashire,New Mexico,05588,85.971970,-7.1757465
Jamie Carpenter,40,8576 Martin Junctions,Haydenchester,Delaware,54511,95.304885,-30.8207355
Erika Simmons,48,9609 Wade Trafficway Suite 145,South Christopherfort,South Carolina,38175,102.975137,49.476866
Donald Ellis,46,965 Smith Unions,Shellystad,Iowa,20500,146.111835,-61.943226
Jill Richardson,64,63525 Marie Harbor,Friedmanville,South Carolina,53782,153.165545,-21.284997
Thomas Clark,36,37580 Cooper Freeway Suite 736,Whitestad,Michigan,02900,-70.997546,-1.6259925
Eugene Thornton,19,7388 Thomas Mount Suite 112,North Toni,Alabama,63341,72.266763,-59.609484
Pamela Moore,64,531 Castillo Crest Apt. 330,Port Kristopher,Iowa,56145,-108.348192,42.410819
Bailey Mcdonald,31,886 Mitchell Pine,Harrisonview,Virginia,60873,159.508391,84.754105
Lisa Diaz,60,89967 Carr Circle,New Julie,New Jersey,47535,-75.199248,-5.1720765
Amber Carlson,36,0005 Mcclure Crest,North Dawn,South Dakota,51349,88.355142,39.030665
Sheri Carson,54,57362 Cooper Village,New Kirk,Arkansas,91019,-7.536423,-44.200402
Mr. Troy Irwin,33,3439 Maurice Forest,East Patrick,New Jersey,42757,-154.081709,2.3958355
Phyllis Harvey,77,627 Baker Ville Apt. 907,North Brittany,Connecticut,66435,-124.057973,-80.835099
Caitlin White,59,726 Avila Vista,Johnnyberg,Massachusetts,26593,-138.999572,-87.957357
Jaclyn Riddle,62,2446 Lee Flat,Lake Julieburgh,Wisconsin,98571,-134.502801,72.419233
Allison Werner,62,9933 Eric Rapid Apt. 855,Nielsenshire,New Jersey,46829,39.167800,-10.1601705
Mrs. Stephanie Villegas,67,174 Christine Fort Suite 668,Robertsfort,Nebraska,57834,89.538088,88.767779
Katherine Hendrix,26,30072 Castro Village Suite 778,Stevensview,Delaware,87239,-93.919012,-58.819920
Ryan Smith,51,26828 Green Lodge,Lake Jesus,Arkansas,96528,-73.479671,12.0826265
Lauren Navarro,65,038 Snyder Parkways Suite 679,Hollyport,Iowa,95251,143.073765,58.760215
Michael Hernandez,46,06119 Mary Overpass Suite 343,South Melanie,Oklahoma,03898,100.915594,-89.6517135
Denise Stevenson,28,0298 Brooks Land Suite 426,South David,Washington,81674,-6.009950,-18.0702685
Joseph Parker,63,34138 Medina Knoll Apt. 202,Port Vanessa,Colorado,21799,-89.952211,33.437642
David Marks,38,5480 Banks Burg,Fitzgeraldtown,Idaho,79023,-31.323216,-28.334923
Ronald Martin,23,31340 Mark Knolls Suite 277,Griffithside,Georgia,55146,34.973303,46.3727175
Tracy Larson,54,866 Edwards Landing Suite 014,Port Michael,Arizona,17591,-75.179015,47.365718
Danny Luna,55,6021 Vargas Skyway Suite 210,Michellehaven,Ohio,65216,10.418685,-38.0736885
Emily Martin,47,612 Davis Trail,West Amberview,North Dakota,77729,67.596817,11.5357325
Kristie Rios,29,5901 Calhoun Road,Davidton,Rhode Island,37527,168.214875,79.347405
Amanda Underwood,53,17768 Lisa Path,North Michelemouth,Pennsylvania,08873,-137.978645,-52.9342155
Benjamin Robinson,67,039 Mcgee Crescent Suite 026,Port Tarafort,South Carolina,54381,-149.631080,17.0876165
Randall Nelson,30,3179 Richard Plains Suite 669,Michaeltown,North Dakota,02247,-119.214257,59.9602665
Savannah Lamb,43,067 Sellers Shoals,New Jamesbury,Louisiana,90014,-162.173363,20.1329905
David Hughes,66,426 Eric Street,Jennabury,Mississippi,38235,-5.213063,81.271741
Elizabeth Townsend,47,24819 White Rapids,East Nicole,Utah,18133,40.956606,-52.239074
Carol Williams,29,46932 Ricardo Rest,Robertsonmouth,North Dakota,49610,-143.483619,63.482599
Elizabeth Keith,79,5176 Gabriel Spring,Taylorville,New Jersey,16950,-77.971081,-71.837783
Dennis Price,28,13665 Rogers River,Port Laura,Oklahoma,68704,-132.516879,-48.964935
Robert Bryant,69,92117 Donald Dam Suite 036,Whiteborough,North Carolina,04429,-2.266956,30.4883435
Dr. Ashley Henry,78,8418 Hoffman Spur,Port Alexander,Iowa,59461,33.963028,86.8137465
Christine Travis,66,355 Norman Walk,New Nicholashaven,Montana,93849,167.042892,45.3397345
Christopher Strickland,20,8338 Timothy Locks Apt. 571,Jonesburgh,North Carolina,19772,111.833729,-61.254899
Kayla Oconnor,48,69605 Christensen Flat Apt. 700,Staffordhaven,North Carolina,50405,-46.944049,-13.105526
Angela Horton,53,77995 Holly Fields,Ayalaborough,Montana,07525,68.669987,-88.331692
Patricia Becker,54,454 Stone Falls Suite 887,Jonfort,Louisiana,83481,-95.325142,13.3777995
Charles Weeks Jr.,25,7504 Luke Pine,Port Jeffreystad,New Mexico,27816,102.332765,29.1077825
Anthony Bonilla,77,53635 Gary Orchard Apt. 504,Whitefort,Minnesota,07976,165.012523,23.704408
Lisa Fields,74,023 Romero Walks Suite 848,West Johnview,Michigan,05977,45.736562,-4.6345585
Shawn Baker,35,43106 Smith Road,Millerfurt,New Jersey,05854,-151.665912,43.7608355
Dakota Saunders,73,86527 Robert Alley Apt. 384,Lake Patriciaview,North Carolina,61368,70.913294,76.374229
John Watkins,61,22032 James Bypass Apt. 395,North Lauren,New York,18388,141.306298,52.4749275
Andrew Boone,47,368 Murray Ports,Clarkshire,Wisconsin,23124,-104.323815,24.5342985
Elizabeth Johnson,76,9097 Jon Greens,West Philipville,Arkansas,40051,126.396562,-42.4670445
Sarah Davidson,64,1495 Martinez Light,Youngtown,Ohio,10229,-126.231087,89.457453
Justin Byrd,57,1076 Jaime Cape Suite 922,New Bradleystad,Kansas,24575,19.767549,-78.419415
Brandon Bennett,46,642 Browning Gateway Suite 071,West Johnburgh,Vermont,11698,-111.097176,-1.012903
Melissa Hall,46,52572 William Flats,Milesmouth,Massachusetts,64720,-123.445010,-45.823503
Maureen Walton,33,3447 Mercer Roads,West Josephchester,Arizona,15854,-71.239118,56.4570555
Stephanie Bailey,44,61993 Raymond Via Suite 838,East Michaelmouth,Montana,86148,152.606005,-83.001559
Daniel Mora,58,942 Parker Drives Apt. 362,Andreahaven,Pennsylvania,19911,29.156060,-53.280394
Christopher Stanton,62,9312 Sara Ridge Suite 976,Howardport,Kansas,10813,-159.308349,-6.4047865
Robin Thompson,29,202 Aaron Mountain Suite 402,South Taylor,Colorado,10203,38.299227,-38.3252765
Theresa Ray,60,052 Garrett Plaza,East Jane,California,34099,-20.887053,27.783027
Charles Black,80,822 Perez Forges Apt. 517,West Laurenbury,Maine,93383,101.483761,-0.594002
Henry Butler,59,4282 Connie Knoll,North Jerry,Rhode Island,99196,-166.900237,6.7527175
Brittany Forbes,41,286 Samantha Canyon Suite 171,New Corey,Michigan,45845,-5.865039,80.447737
Breanna Campbell,69,9785 Thomas Dale,Catherinetown,Maine,88618,-116.436506,21.5046065
George Goodman,78,608 Lewis Avenue Apt. 774,Knoxside,Louisiana,14737,120.733429,23.8733395
Jessica Bishop,44,00829 James View Suite 857,Lake Brittanybury,Hawaii,99506,-128.150794,-68.511937
John Hernandez,70,25496 Daniel Unions,West Georgefort,Rhode Island,10754,-140.810887,66.081527
David Cabrera,23,9885 Munoz Ways,Crystalhaven,Kansas,30231,-135.969899,65.012394
Paul Jenkins,47,3185 Ray Knolls,South Tarastad,New Mexico,97829,97.181330,23.5473995
Daniel Salas,48,9628 Nathaniel Summit Apt. 863,Brentview,Michigan,84111,-29.134795,-61.2231945
Sylvia Fowler,47,25493 Angela Junctions,Tiffanyport,Arizona,04239,9.596922,17.882869
Bruce Rose,62,084 Rita Course Suite 644,Lake Amanda,Virginia,91520,-165.186133,30.5866415
Michelle Taylor,64,3308 Deborah Ford Apt. 315,Lake Melissafort,Nevada,90775,-74.863372,-4.2633285
John Schmidt,30,0587 Huerta Center,Parsonsfurt,Michigan,51949,51.858963,-13.563432
Monica Lowe,70,423 Michael Bridge Apt. 765,Lake Matthewhaven,Rhode Island,92060,-2.230956,-75.7643565
Amy Herrera,36,86997 Cabrera Points Apt. 672,South Stephaniehaven,Tennessee,75596,-102.531138,11.573278
Shane Hanson,67,22845 Daniel Villages Apt. 354,Walterfurt,Texas,47779,-71.090234,-49.438420
David Bernard,46,448 Betty Keys Apt. 265,Christophertown,Rhode Island,83843,-31.121001,-46.428323
Anna Harris,37,99704 Carney Radial Apt. 680,Greenemouth,Tennessee,44914,-131.967001,-81.5986295
Jeremy Morgan,22,573 Kelly Drive Apt. 419,East Michaelberg,Nebraska,61563,126.866086,86.116810
Tyler Dougherty,48,309 Ryan Row,South Krista,New York,70718,61.274709,-38.1967525
Katie Rice,29,34299 Johnson Terrace,Kimville,North Carolina,22608,-88.789737,37.191672
Jorge Yoder,77,597 Susan Green Suite 012,Alvareztown,Ohio,37747,46.341402,61.184972
Tonya Johnson,42,410 Watson Green Suite 232,Caseyshire,New York,94645,-5.010738,-17.1482005
Melissa Hunter,34,3670 Cathy Harbor Suite 424,Lake Peterfort,Michigan,71804,-36.831181,-39.309455
Andrea Collins,44,9705 Shane Lodge Suite 582,New Danielle,Missouri,40523,25.069565,-26.4287155
Wanda Thompson,69,3490 Anna Ramp,New Francisco,Virginia,96669,101.286231,44.699987
Rachel Delacruz,23,240 John Lights Apt. 818,East Jenniferburgh,Arkansas,97344,-165.241264,-38.682840
Elizabeth Stevens,51,4763 Bridget Heights,West Robert,Indiana,49848,-82.648996,-11.740748
David Rodriguez PhD,37,4548 Mary Ports Apt. 441,Port Joelchester,Alaska,45264,-93.168180,55.221189
Nicole Neal,43,156 Price Curve Apt. 038,North Ryanview,Louisiana,60836,147.333159,71.921191
Helen Nelson,27,48226 Wanda Alley Suite 381,West Bradleymouth,Rhode Island,46023,168.891866,-44.315857
Laura Grimes,76,1126 Alvarado Key,Timothyhaven,Texas,23291,-38.883657,44.784623
Kari Aguirre,30,3133 Williams Freeway Suite 884,Katherinechester,Utah,09000,96.306414,-77.9055715
Nicholas House,33,940 Michael Coves,Susanland,Massachusetts,08654,-103.486415,-78.881001
John Morrow,73,193 Carmen Valleys Apt. 156,South Melanie,Alaska,11288,179.290844,29.7843975
Jay Sellers,28,916 Benjamin Cape Apt. 669,North Jennifer,Wisconsin,61318,-72.685625,-22.0204355
Elizabeth Hatfield,40,184 Jerry Mews Suite 506,Davischester,Minnesota,40852,-171.556668,-80.342510
Dr. Brittany Hernandez,80,400 Winters Parkway,Brownshire,Maine,10423,12.800017,-87.778329
Randy Hawkins,36,360 Edwards Coves Suite 812,Mcphersonview,West Virginia,67003,10.030009,-89.0542135
Connie Johnson,69,063 Michael Spring,Kennethville,Oregon,09242,161.705623,17.7807455
Mark Taylor,59,06466 Mullen Groves Apt. 968,West Lindachester,Tennessee,01184,-75.043655,-35.435878
Joshua Mccoy,60,5390 Barton Turnpike Apt. 890,Port Veronica,Maryland,65516,-22.636922,52.1888255
Brandon Ayala,72,09070 Jones Common,East Martin,Florida,95276,-156.573185,-47.0584775
Robert Allen,62,0031 Thomas Common,Deleonmouth,North Dakota,28499,134.373160,-83.491156
Ryan Rush,37,3606 Duncan Knolls,West Andre,Montana,21602,-131.456460,55.0421445
Randy Shea,54,2815 Jeremiah Walk Apt. 585,West Tabitha,Kentucky,55178,-159.628888,-35.8717635
Angel Wolf,30,821 Donna Row Suite 128,Hoffmanstad,Oregon,87308,-114.691314,68.8523555
Nancy Lopez,74,24361 Phillip Extensions Apt. 006,South Lisashire,Missouri,02843,-172.896354,-17.6230745
Glenda Mack,29,386 Hernandez Rue,Cherylberg,Georgia,47963,28.565519,-57.0221845
Lisa Adams,58,5014 Mitchell Landing Suite 702,Danielborough,Texas,77374,-171.277408,-51.410196
Elizabeth Johnson,80,71818 Tricia Haven,South Ashley,Iowa,37179,80.617071,37.450859
Autumn Howard,43,24210 Thompson Forest Suite 227,Waltonmouth,New Mexico,87378,85.046530,7.2628935
Justin Blackwell,68,60233 David Cliff,New Bradley,Kentucky,70902,-171.895226,-63.2676315
Kimberly Glass,29,394 Steve Port Apt. 657,Kathyburgh,Delaware,89919,-55.566596,-70.8940765
Denise Turner,73,469 Juarez Loaf,Port Martin,Arizona,97423,-75.704839,13.4502465
Larry Salazar,66,17586 Zachary Estates,Traciefurt,Vermont,48119,-99.572982,-32.8572065
James Smith,26,8350 Salazar Skyway Suite 155,Collinsfort,Massachusetts,65905,-7.909950,27.136202
Laura Flores,75,9791 Underwood Square,North Bianca,Wyoming,81256,19.816546,31.0498605
David Mitchell,56,4563 Kim Highway,Richton,Washington,93679,-138.519704,-29.3412875
Megan David,41,67026 Richard Burg Apt. 272,North Michelechester,Connecticut,33947,71.642109,-52.7963425
Eric Holmes,23,09450 Ramos Plains Apt. 302,Toniville,California,13786,28.457269,29.001443
Eugene Jimenez,27,48468 Huang Glen,Billyville,Delaware,87575,-176.220991,-24.4644925
Mrs. Elizabeth Boyer,38,026 Whitehead Drive,Dorseytown,Michigan,48888,-63.132006,-58.2052215
Ronald Hansen,25,8816 Kelli Trail Apt. 768,Georgeshire,New Hampshire,31169,80.622212,32.6475445
Terrance Warner Jr.,76,27041 Jose Hill Apt. 269,North Charles,South Dakota,31397,-147.074377,-52.3582645
Dr. Casey Stevens,79,484 Sherri Pass Apt. 605,East Jasmine,California,56321,97.625251,-32.874346
Travis Johnson,60,0930 Randy Key Suite 259,Michaelchester,Alaska,79977,103.094326,-54.505050
Holly Jimenez,52,817 Garcia Route,New Karen,New York,32818,-38.965431,-9.242591
Adam Ramirez,25,0800 Smith Bridge,Beckertown,Montana,38735,-92.724933,70.7208325
Larry Lloyd,31,642 Martin Burg,Carolstad,Colorado,99892,146.027241,-88.8169345
Michael Carr,72,1457 Lynn Bypass,Mathismouth,Virginia,69136,-53.690144,-52.8230585
Michael Kirk,70,06217 Lewis Mountain,Shellyland,Nevada,22504,-146.741404,43.6817225
Patricia Garza,76,1216 Gonzalez Villages,Bakerberg,Utah,65491,163.625694,-3.911222
Michael Jackson,52,2188 Strickland Locks,North Wendyfort,Alaska,91643,130.670523,62.047536
Michael Beasley,59,068 Vega Squares Apt. 614,North Alisontown,Hawaii,41714,-164.945107,88.984039
Tina Ford,52,44547 Shannon Hills Suite 107,Webbview,Oklahoma,39887,-9.955004,-20.4711235
Jennifer Wilson,80,529 Patricia Rue,Tuckerfort,Florida,74622,-62.740639,56.1528455
Michael Mullen,59,557 Valerie Radial Apt. 962,New David,Mississippi,17401,55.562452,14.3653195
Steven Graves,49,9246 Anderson Freeway,North Kevin,Nevada,66901,-171.613714,-5.566039
Mark Contreras,38,4707 Jamie Shoals Suite 174,Michelleton,New York,03031,-116.360314,-34.2110975
Joseph Wade,36,529 Gonzales Estate,East Sarahland,Idaho,52337,-118.038932,-4.3446855
Erica Sosa,33,67815 Mark Road,North Austin,Maine,31277,101.781945,67.834698
Isabella Noble,39,25554 Carroll Square,East Latashastad,New Jersey,36128,89.540054,-5.8930805
Joel Maynard,28,60172 Sloan Island,Odomport,Oklahoma,26678,110.742595,-58.303612
Alicia Watson DVM,27,35060 Lee Lights Apt. 342,Lake Erikberg,Mississippi,56928,160.932544,29.0821785
Barry Alexander,35,9508 David Creek,South Daniel,Minnesota,96578,-148.856704,-16.1142015
Brianna Stein,21,8857 Perkins Bridge,Joneschester,Oklahoma,70161,-170.020355,31.1443625
Jose Winters,78,52417 Andrew Mission Apt. 822,Christopherfort,Vermont,56714,-46.377380,65.9110185
Mary Brown,73,07794 Michelle Burgs Apt. 466,Wrightview,Georgia,97838,177.403430,-6.643054
Stephen Turner,72,005 Jessica Hollow,Garciaport,Pennsylvania,59641,86.177605,-56.4314175
Scott Kelly,70,651 Dawn Bridge Apt. 884,Davidmouth,New Jersey,06639,-119.983182,-68.3297075
Monique Brooks,74,468 Park Landing Apt. 234,Port Donaldland,Nebraska,84007,-69.996673,18.989585
Chad Gardner,60,967 Ellison Mill Apt. 582,Daleshire,North Carolina,32867,-106.491697,83.3497255
Randall Harris,67,350 Julie Light,East Anita,Rhode Island,56113,124.568690,27.085489
Linda Rodriguez,51,727 Kelly Forge,North Michael,Wisconsin,28316,-124.312735,14.6135005
Lauren Williams,24,8375 Peter Path Suite 206,Collinsland,Massachusetts,00591,146.014904,4.4735035
Madeline Mclaughlin,38,8838 Vazquez Lane Suite 584,North Christina,Connecticut,00629,35.143819,-23.298179
Antonio Gregory,69,370 Norma Crest,North Shawnchester,Florida,41131,81.590880,21.842637
Margaret Mcintyre,73,5527 Mccann Shoal Apt. 109,North Catherine,Nevada,93507,4.596705,-25.1343505
Philip Barajas,78,9717 Roy Village,Ryanchester,Maryland,90024,-39.348608,16.8746255
Linda Haney,36,3519 Miller Circles Apt. 642,North Andrewchester,Oregon,61136,-75.032701,-53.848438
Stephanie Wright,34,16493 Bennett Brooks Apt. 358,Lake Stevenshire,Kansas,28951,-104.181589,-5.642507
Raymond Hebert,24,6511 Melissa Keys Apt. 336,Heatherside,Pennsylvania,18607,179.273801,23.7527495
Kathleen Mcdaniel,75,90880 Wise Pass Suite 152,Estradatown,South Dakota,56217,136.456427,1.0482875
Barry Mitchell,58,38264 Lane Trail,Dianeville,New Hampshire,97097,136.635295,60.7662075
Kyle Martin,69,6776 Teresa Fords Apt. 824,Lake Richardland,Delaware,45289,-37.686151,83.064816
David Mccoy,64,52576 Ann Green,Heatherhaven,Florida,30885,-114.001987,-83.634291
Katelyn Erickson,37,1692 Stephen Coves,New Susan,Mississippi,20598,-99.698831,-26.805929
Mrs. Bianca Garcia,43,472 Christine Shoals,Lake Johnside,Michigan,84871,-41.653061,54.699218
Sarah Padilla,35,61667 Tamara Knolls,Barreraburgh,Pennsylvania,50586,-150.407991,-63.536250
William Martinez,68,689 Brendan Flat,New Michaelberg,California,90510,7.988627,76.3422135
Joshua Fox,22,916 Kiara Lock,Tylerport,Vermont,88460,-119.776262,-20.471729
Karen Reyes,36,2317 William Light Suite 172,Raystad,Georgia,78557,-104.370001,-14.239191
James Cain,38,826 Clarke Radial Apt. 364,North Gregshire,New Jersey,94158,-42.952267,-48.896976
Michael Wells,71,1854 Melissa Knoll Suite 454,Port Josetown,Montana,76700,-42.076106,-0.087021
Jason Perez,62,3581 Jackson Causeway,Codyport,Wisconsin,31682,101.906606,81.142610
Ashley Waller,31,1957 Lori Hills Apt. 344,Paulside,Iowa,31140,60.341305,-14.464355
Joshua Rogers,39,10022 Ellis Mill Suite 627,New Rachel,California,15216,-176.879780,27.2602275
Valerie Wright,18,615 Ryan Hill Suite 399,Port Sheenaborough,Texas,76665,-179.448482,30.2750395
Stephanie Gonzalez,20,71615 Barrera Key Apt. 257,East Ashleyport,Alaska,04721,64.838289,34.493616
Taylor George,44,38025 Brittany Mills,South Johnnyland,Indiana,55418,126.460136,-84.706491
Jennifer Mckay,65,274 Stephanie Falls Suite 617,Petersonview,New Mexico,35358,-9.854228,86.445643
Carmen Wright,76,3703 Hall Mews Apt. 531,Lake Katie,Nevada,55459,68.936281,-51.3080905
Dylan Stout,39,940 Hubbard Lodge Apt. 256,Port Tracyberg,Tennessee,73888,52.241034,-7.998483
Debbie Moody,27,7446 Jonathan Lakes Apt. 229,West Michael,Virginia,79397,-113.632353,49.8932135
Jack Ballard,35,9161 Campbell Grove Apt. 771,Davenportland,Georgia,32869,160.673878,-55.291305
